Date,Age,Home,HSG,PPG3,3PA3,3P%3,FGA3,FG%3,FTA3,FT%3,MP3
2003-11-05,18.84931506849315,1,0,18.0,2.667,0.067,16.333,0.44,4.0,0.635,40.783
2003-11-07,18.854794520547944,0,0,12.0,2.667,0.067,13.333,0.331,3.333,0.857,40.206
2003-11-08,18.85753424657534,1,0,12.667,1.667,0.167,13.667,0.322,3.333,0.952,41.333
2003-11-10,18.863013698630137,1,0,15.667,1.333,0.167,16.0,0.379,4.0,0.702,43.111
2003-11-12,18.86849315068493,0,0,19.0,1.667,0.5,16.333,0.483,3.667,0.369,40.628
2003-11-14,18.873972602739727,0,0,17.333,2.667,0.467,15.333,0.468,3.333,0.306,40.272
2003-11-15,18.876712328767123,1,0,15.0,4.0,0.633,13.0,0.411,3.333,0.389,37.306
2003-11-18,18.884931506849316,1,0,16.667,3.333,0.3,15.333,0.392,4.667,0.556,41.739
2003-11-19,18.887671232876713,0,1,15.333,2.333,0.167,15.667,0.384,4.0,0.5,40.656
2003-11-21,18.893150684931506,1,0,21.333,2.333,0.167,17.667,0.486,5.333,0.583,41.839
2003-11-22,18.895890410958906,0,0,20.333,2.667,0.167,17.667,0.451,5.0,0.75,37.956
2003-11-26,18.90684931506849,0,0,20.667,2.333,0.167,17.667,0.388,7.0,0.883,38.917
2003-11-28,18.912328767123288,0,0,16.333,2.333,0.083,17.333,0.301,5.667,0.967,38.8
2003-11-29,18.915068493150685,1,1,12.0,2.333,0.083,13.667,0.244,5.667,0.856,39.183
2003-12-02,18.923287671232877,0,0,18.0,4.0,0.25,17.667,0.348,3.333,0.778,43.311
2003-12-03,18.92602739726027,0,0,19.333,3.667,0.389,18.333,0.355,4.333,0.683,41.217
2003-12-06,18.934246575342467,1,0,18.667,4.0,0.389,20.0,0.323,3.333,0.46,40.428
2003-12-09,18.942465753424656,1,0,10.333,2.667,0.222,14.667,0.268,2.333,0.238,34.222
2003-12-11,18.947945205479453,1,0,10.0,1.667,0.0,13.667,0.308,1.333,0.333,35.733
2003-12-13,18.95342465753425,1,1,16.333,1.667,0.111,16.333,0.384,4.0,0.583,38.628
2003-12-15,18.95890410958904,0,1,26.0,2.667,0.178,19.0,0.44,10.0,0.88,41.744
2003-12-17,18.964383561643835,1,0,29.0,3.667,0.178,19.0,0.502,11.333,0.838,43.95
2003-12-19,18.96986301369863,0,1,27.0,4.0,0.233,18.333,0.498,9.333,0.755,41.694
2003-12-20,18.972602739726028,0,1,26.667,4.667,0.405,19.667,0.525,4.333,0.792,40.45
2003-12-23,18.980821917808218,1,0,28.333,5.333,0.405,21.667,0.484,5.667,0.778,39.806
2003-12-25,18.986301369863018,0,1,30.0,6.0,0.294,22.667,0.467,7.667,0.903,40.861
2003-12-26,18.98904109589041,1,0,29.333,7.0,0.189,24.0,0.427,8.333,0.836,42.667
2003-12-28,18.994520547945207,1,1,24.667,6.667,0.272,24.667,0.358,5.667,0.808,40.2
2003-12-30,19.0,1,0,28.0,5.333,0.217,25.0,0.469,3.667,0.85,40.172
2004-01-02,19.008219178082193,0,0,24.0,3.333,0.083,22.333,0.465,4.0,0.806,37.178
2004-01-06,19.019178082191782,1,0,22.667,3.333,0.0,20.667,0.473,4.0,0.722,37.756
2004-01-07,19.02191780821918,0,0,16.667,3.333,0.0,18.667,0.373,4.0,0.722,38.533
2004-01-09,19.027397260273972,0,0,16.333,3.0,0.0,19.667,0.368,2.667,0.667,38.572
2004-01-12,19.035616438356165,0,0,18.0,2.667,0.0,19.667,0.385,3.667,0.738,40.622
2004-01-13,19.03835616438356,0,1,18.667,3.0,0.0,20.667,0.368,4.667,0.671,38.961
2004-01-15,19.04383561643836,0,1,20.667,2.333,0.0,21.667,0.364,6.0,0.782,40.85
2004-01-17,19.04931506849315,0,1,24.0,3.0,0.133,22.333,0.368,8.0,0.826,41.25
2004-01-26,19.07397260273973,1,0,28.333,3.333,0.3,25.0,0.411,8.0,0.76,43.911
2004-01-28,19.07945205479452,1,1,24.667,3.667,0.467,22.667,0.393,6.667,0.649,39.267
2004-01-30,19.084931506849315,0,0,24.0,2.333,0.333,24.0,0.399,5.667,0.6,39.594
2004-02-01,19.09041095890411,0,1,21.0,3.0,0.222,23.0,0.349,6.667,0.608,37.217
2004-02-03,19.095890410958905,0,0,28.333,3.0,0.222,25.667,0.4,9.667,0.714,41.694
2004-02-04,19.0986301369863,1,1,23.333,3.0,0.222,23.667,0.354,7.0,0.814,39.622
2004-02-06,19.104109589041094,0,0,27.333,2.333,0.5,24.0,0.415,6.0,0.873,41.556
2004-02-07,19.106849315068494,1,0,19.333,2.667,0.444,21.0,0.353,3.667,0.683,41.95
2004-02-09,19.112328767123287,1,0,20.0,2.333,0.444,20.0,0.39,3.667,0.683,40.578
2004-02-11,19.117808219178084,1,0,17.333,3.0,0.167,19.667,0.356,4.0,0.694,40.65
2004-02-18,19.136986301369863,1,0,15.667,2.333,0.056,18.0,0.296,4.333,0.944,35.633
2004-02-20,19.14246575342466,1,1,16.333,2.333,0.056,16.667,0.338,5.0,0.944,35.494
2004-02-22,19.147945205479452,0,0,19.0,0.333,0.0,16.0,0.421,4.333,1.0,34.267
2004-02-23,19.15068493150685,1,0,23.333,0.0,0.0,18.333,0.486,6.667,0.889,39.017
2004-02-25,19.156164383561645,0,0,25.0,1.667,0.067,19.667,0.466,7.333,0.889,40.0
2004-02-27,19.16164383561644,0,1,18.0,2.333,0.067,18.0,0.355,7.0,0.667,39.672
2004-03-01,19.16986301369863,0,0,20.667,2.667,0.4,17.667,0.432,5.667,0.736,41.483
2004-03-03,19.175342465753424,1,0,19.667,1.667,0.333,18.0,0.423,5.667,0.625,42.883
2004-03-05,19.18082191780822,0,0,24.0,1.667,0.5,17.667,0.507,6.667,0.792,39.206
2004-03-06,19.183561643835617,1,0,20.333,2.0,0.5,17.0,0.451,5.333,0.75,35.394
2004-03-08,19.18904109589041,0,1,22.333,2.333,0.5,19.333,0.466,4.333,0.75,36.028
2004-03-10,19.194520547945206,0,0,25.667,3.0,0.417,21.333,0.449,6.667,0.754,41.861
2004-03-14,19.205479452054796,1,1,24.0,2.333,0.083,20.0,0.415,7.667,0.79,40.522
2004-03-16,19.21095890410959,1,0,24.667,2.0,0.083,19.333,0.444,8.0,0.734,41.006
2004-03-19,19.21917808219178,1,0,19.0,1.667,0.222,17.0,0.389,6.333,0.661,36.683
2004-03-21,19.224657534246575,1,0,19.0,2.333,0.222,17.333,0.381,7.333,0.575,36.85
2004-03-23,19.23013698630137,1,1,15.333,3.0,0.306,15.667,0.298,7.667,0.675,34.383
2004-03-26,19.23835616438356,0,0,18.0,3.667,0.217,17.333,0.32,8.0,0.726,37.328
2004-03-27,19.24109589041096,1,1,18.667,3.667,0.383,17.0,0.353,7.667,0.711,36.828
2004-03-29,19.246575342465754,0,0,27.333,3.0,0.467,21.0,0.428,9.333,0.778,39.178
2004-03-30,19.24931506849315,0,1,25.0,1.667,0.333,20.667,0.451,6.333,0.519,36.078
2004-04-02,19.257534246575343,0,0,29.0,1.667,0.167,23.667,0.519,4.667,0.5,39.183
2004-04-03,19.26027397260274,1,1,22.0,1.0,0.0,20.333,0.505,2.0,0.5,36.794
2004-04-06,19.268493150684932,1,0,27.333,2.333,0.2,23.0,0.498,5.667,0.712,41.656
2004-04-07,19.27123287671233,0,0,25.0,1.667,0.2,21.333,0.399,9.0,0.807,42.961
2004-04-09,19.27671232876712,0,0,23.0,1.667,0.2,18.667,0.362,10.667,0.76,42.944
2004-04-10,19.27945205479452,1,0,19.667,0.333,0.333,14.0,0.362,12.0,0.792,41.6
2004-04-12,19.284931506849315,1,1,16.0,1.0,0.333,12.0,0.386,9.0,0.663,36.811
2004-04-14,19.29041095890411,0,0,20.333,2.333,0.417,15.0,0.414,10.333,0.62,39.717
2004-11-03,19.846575342465755,1,1,18.0,3.0,0.083,16.0,0.428,5.667,0.709,37.339
2004-11-04,19.84931506849315,0,0,24.0,4.0,0.217,18.667,0.447,8.0,0.853,43.772
2004-11-06,19.854794520547944,0,1,22.0,3.667,0.356,19.333,0.434,4.667,0.944,42.783
2004-11-09,19.863013698630137,0,1,26.667,3.667,0.356,20.333,0.41,11.667,0.838,45.05
2004-11-10,19.865753424657537,1,1,25.667,3.333,0.306,19.667,0.427,11.667,0.783,44.072
2004-11-13,19.873972602739727,1,0,31.333,3.0,0.25,20.333,0.471,15.333,0.755,46.078
2004-11-15,19.87945205479452,1,1,29.0,3.0,0.25,20.333,0.504,9.667,0.795,44.583
2004-11-18,19.887671232876713,0,0,31.667,3.333,0.367,22.0,0.529,8.333,0.822,42.572
2004-11-20,19.893150684931506,1,1,25.333,3.667,0.422,18.667,0.539,5.0,0.683,36.156
2004-11-21,19.895890410958906,0,0,25.667,3.333,0.422,18.667,0.555,4.667,0.667,36.294
2004-11-24,19.904109589041095,1,1,19.0,2.667,0.333,16.333,0.485,3.0,0.639,35.867
2004-11-26,19.90958904109589,0,0,27.0,2.667,0.333,19.0,0.522,6.333,0.778,38.667
2004-11-27,19.912328767123288,1,1,25.333,2.667,0.333,16.667,0.569,6.0,0.75,40.328
2004-11-29,19.91780821917808,0,0,29.667,2.333,0.389,17.333,0.674,6.333,0.778,37.406
2004-12-01,19.923287671232877,0,0,22.667,2.0,0.167,16.333,0.604,4.0,0.739,39.011
2004-12-02,19.92602739726027,0,0,21.0,2.0,0.167,18.333,0.479,4.333,0.767,38.339
2004-12-04,19.931506849315067,1,1,18.0,1.333,0.0,18.333,0.42,3.667,0.683,41.422
2004-12-07,19.93972602739726,1,1,19.667,1.667,0.111,17.667,0.458,4.333,0.702,41.594
2004-12-08,19.942465753424656,0,0,23.667,1.333,0.111,18.667,0.52,5.0,0.73,43.361
2004-12-11,19.95068493150685,0,0,24.333,2.0,0.111,18.0,0.474,8.333,0.813,42.072
2004-12-13,19.95616438356164,0,1,23.0,2.0,0.111,18.667,0.453,6.667,0.861,41.533
2004-12-15,19.96164383561644,1,1,24.333,2.667,0.222,18.667,0.498,6.0,0.75,41.444
2004-12-16,19.964383561643835,0,0,26.333,3.0,0.444,19.667,0.573,3.0,0.833,41.394
2004-12-18,19.96986301369863,1,1,22.333,2.667,0.333,20.333,0.461,4.0,0.7,42.678
2004-12-21,19.97808219178082,1,1,22.333,3.333,0.422,21.333,0.409,5.333,0.7,40.917
2004-12-22,19.980821917808218,0,0,22.667,2.667,0.2,21.333,0.409,7.0,0.617,42.928
2004-12-26,19.991780821917807,1,0,26.667,2.333,0.533,20.333,0.475,8.667,0.683,42.117
2004-12-28,19.997260273972604,0,1,23.667,1.0,0.333,17.333,0.461,9.0,0.813,43.494
2004-12-29,20.0,1,0,28.333,2.333,0.533,19.667,0.449,11.0,0.825,44.544
2005-01-03,20.01095890410959,0,1,21.667,2.333,0.2,15.333,0.319,9.333,0.758,36.128
2005-01-05,20.016438356164382,1,0,23.0,3.0,0.2,16.333,0.366,8.333,0.684,34.672
2005-01-08,20.024657534246575,1,0,16.333,3.0,0.133,12.667,0.36,5.667,0.645,32.444
2005-01-11,20.03287671232877,1,1,22.667,2.667,0.133,15.667,0.598,4.667,0.778,37.55
2005-01-13,20.03835616438356,0,1,23.667,3.333,0.267,17.333,0.557,5.0,0.794,40.461
2005-01-15,20.04383561643836,0,1,26.333,3.0,0.217,21.333,0.545,4.333,0.821,42.022
2005-01-16,20.04657534246575,0,1,28.0,3.333,0.217,23.333,0.457,8.333,0.702,44.889
2005-01-19,20.054794520547944,0,1,30.0,4.0,0.226,25.333,0.46,8.0,0.687,43.261
2005-01-20,20.057534246575344,0,0,29.667,3.0,0.476,22.0,0.535,8.667,0.659,43.078
2005-01-22,20.063013698630137,0,1,26.667,3.0,0.476,21.667,0.543,4.333,0.445,41.517
2005-01-24,20.068493150684933,1,1,24.333,1.0,0.333,19.667,0.568,3.0,0.556,41.217
2005-01-26,20.07397260273973,1,1,25.667,1.0,0.333,23.0,0.493,4.333,0.533,42.622
2005-02-01,20.09041095890411,0,1,28.667,2.667,0.556,22.0,0.543,5.333,0.783,44.344
2005-02-03,20.095890410958905,0,1,28.667,3.333,0.556,20.667,0.529,9.0,0.655,44.372
2005-02-05,20.101369863013694,1,1,28.667,4.0,0.333,19.667,0.534,9.667,0.677,43.689
2005-02-08,20.10958904109589,1,0,29.667,3.0,0.111,21.333,0.469,12.667,0.735,44.961
2005-02-11,20.117808219178084,1,1,25.333,3.0,0.111,19.333,0.445,9.667,0.78,42.572
2005-02-13,20.123287671232877,1,1,26.667,4.0,0.056,21.333,0.424,9.667,0.835,41.617
2005-02-16,20.13150684931507,1,1,25.0,3.0,0.056,21.0,0.414,8.667,0.828,41.65
2005-02-17,20.134246575342463,0,1,29.333,2.667,0.389,23.0,0.455,9.0,0.844,41.928
2005-02-23,20.15068493150685,1,1,26.333,1.333,0.5,19.667,0.492,7.0,0.844,41.244
2005-02-25,20.156164383561645,0,0,27.0,1.667,0.833,18.667,0.516,8.667,0.767,40.783
2005-02-27,20.16164383561644,0,1,24.667,1.333,0.5,20.333,0.452,8.333,0.75,41.944
2005-02-28,20.16438356164383,1,0,25.333,1.333,0.5,20.667,0.427,9.667,0.772,43.294
2005-03-02,20.16986301369863,1,1,23.0,2.333,0.25,22.333,0.361,8.0,0.783,43.417
2005-03-04,20.175342465753424,0,1,26.667,4.333,0.488,20.667,0.424,9.333,0.742,43.539
2005-03-06,20.18082191780822,1,0,28.667,4.0,0.321,21.0,0.465,10.0,0.719,41.828
2005-03-08,20.186301369863013,1,0,29.667,3.0,0.238,20.0,0.532,9.0,0.724,40.344
2005-03-13,20.2,1,1,26.667,2.667,0.111,20.667,0.485,7.667,0.766,40.267
2005-03-15,20.205479452054796,1,1,27.0,4.0,0.178,21.333,0.468,7.333,0.791,41.233
2005-03-16,20.208219178082192,0,1,31.333,5.333,0.311,20.0,0.555,10.333,0.803,39.217
2005-03-18,20.213698630136985,1,0,35.0,6.333,0.348,21.333,0.585,11.333,0.743,40.717
2005-03-20,20.21917808219178,0,1,28.667,6.0,0.281,20.333,0.461,11.667,0.718,41.767
2005-03-22,20.224657534246575,1,1,35.333,8.333,0.315,27.333,0.383,11.333,0.779,46.372
2005-03-24,20.23013698630137,0,0,33.667,7.667,0.262,26.667,0.369,11.667,0.797,45.644
2005-03-26,20.235616438356164,0,0,34.667,7.667,0.345,27.333,0.425,10.0,0.71,44.239
2005-03-28,20.24109589041096,0,1,22.333,4.333,0.179,21.0,0.396,7.0,0.676,40.122
2005-03-29,20.243835616438357,1,0,27.333,5.333,0.183,22.667,0.427,8.0,0.741,43.478
2005-03-31,20.24931506849315,0,1,28.333,6.667,0.183,22.0,0.438,8.0,0.836,43.144
2005-04-01,20.252054794520543,1,1,30.667,7.333,0.267,25.667,0.42,9.667,0.71,48.928
2005-04-03,20.257534246575343,1,1,27.667,5.333,0.333,23.0,0.442,9.333,0.671,45.978
2005-04-05,20.263013698630136,1,0,32.667,5.333,0.417,24.0,0.47,11.333,0.718,48.383
2005-04-06,20.265753424657536,0,0,32.0,6.0,0.5,21.0,0.509,9.667,0.733,43.994
2005-04-08,20.27123287671233,0,1,27.0,5.667,0.333,20.0,0.47,7.667,0.667,40.372
2005-04-09,20.273972602739725,1,1,27.0,5.0,0.278,22.333,0.458,7.0,0.667,40.372
2005-04-11,20.27945205479452,0,1,32.333,7.333,0.29,24.667,0.492,6.0,0.833,42.622
2005-04-14,20.28767123287671,1,1,36.667,8.333,0.346,26.333,0.5,8.0,0.933,47.528
2005-04-15,20.29041095890411,0,1,33.333,10.667,0.338,24.667,0.46,9.0,0.814,45.367
2005-04-17,20.295890410958904,0,1,32.667,8.333,0.214,27.0,0.429,10.667,0.689,45.839
2005-04-19,20.301369863013697,1,1,34.0,8.667,0.254,31.0,0.369,12.0,0.685,44.906
2005-04-20,20.304109589041097,0,1,35.667,5.333,0.373,31.667,0.436,9.0,0.737,46.433
2005-11-02,20.84109589041096,1,1,32.0,6.0,0.401,28.333,0.42,9.667,0.695,46.433
2005-11-04,20.846575342465755,0,0,30.0,6.0,0.591,22.0,0.493,7.667,0.725,42.494
2005-11-05,20.84931506849315,0,1,26.0,6.0,0.369,18.333,0.479,8.333,0.744,39.317
2005-11-07,20.854794520547944,0,1,29.0,6.333,0.434,20.333,0.495,6.667,0.844,36.933
2005-11-09,20.86027397260274,1,1,27.667,4.667,0.148,20.667,0.483,8.0,0.802,37.961
2005-11-11,20.865753424657537,1,0,31.333,4.333,0.148,21.333,0.523,9.333,0.85,37.65
2005-11-13,20.87123287671233,0,1,24.667,1.667,0.0,15.333,0.513,9.667,0.917,32.589
2005-11-15,20.876712328767123,1,1,24.333,2.333,0.083,16.333,0.487,9.333,0.879,36.733
2005-11-18,20.884931506849316,1,0,26.333,2.667,0.306,18.0,0.519,7.333,0.879,39.0
2005-11-19,20.887671232876713,0,1,26.333,3.333,0.306,20.0,0.485,7.333,0.768,41.756
2005-11-22,20.895890410958906,1,1,29.667,2.667,0.222,21.333,0.529,7.0,0.822,41.072
2005-11-24,20.9013698630137,0,0,29.333,2.667,0.111,20.333,0.529,9.0,0.762,40.589
2005-11-26,20.90684931506849,1,1,30.333,3.0,0.111,21.333,0.511,10.667,0.751,43.622
2005-11-30,20.91780821917808,1,1,31.0,6.0,0.293,23.0,0.466,9.333,0.818,42.694
2005-12-02,20.923287671232877,0,1,28.333,6.0,0.182,23.0,0.366,11.333,0.82,45.678
2005-12-03,20.92602739726027,0,1,33.333,6.333,0.182,25.333,0.439,10.333,0.858,46.372
2005-12-06,20.934246575342467,0,1,30.667,4.333,0.2,24.0,0.396,13.0,0.787,46.578
2005-12-09,20.942465753424656,1,1,31.333,5.0,0.267,25.0,0.425,11.333,0.762,44.706
2005-12-10,20.945205479452056,0,1,30.667,4.667,0.267,24.667,0.393,13.667,0.734,44.606
2005-12-13,20.95342465753425,1,1,38.0,6.0,0.252,26.0,0.504,12.333,0.772,43.978
2005-12-15,20.95890410958904,1,1,41.0,6.333,0.352,26.0,0.548,13.667,0.731,44.25
2005-12-17,20.964383561643835,1,1,39.0,6.333,0.435,23.333,0.61,10.667,0.675,44.344
2005-12-20,20.972602739726028,1,1,35.333,4.667,0.417,20.0,0.603,12.667,0.688,45.539
2005-12-22,20.97808219178082,0,1,30.667,3.0,0.583,16.333,0.637,10.333,0.776,40.133
2005-12-23,20.980821917808218,1,0,34.333,3.667,0.722,18.667,0.593,12.667,0.84,39.717
2005-12-26,20.98904109589041,1,1,25.333,2.667,0.556,17.667,0.466,11.0,0.709,38.872
2005-12-27,20.991780821917807,0,1,27.667,4.0,0.222,22.0,0.403,12.0,0.635,44.222
2005-12-31,21.002739726027396,1,1,25.667,3.667,0.067,20.667,0.434,10.667,0.626,43.039
2006-01-04,21.013698630136982,0,1,31.0,5.0,0.2,22.667,0.517,9.333,0.73,43.272
2006-01-05,21.016438356164382,1,1,31.0,6.0,0.283,24.0,0.495,7.667,0.794,43.517
2006-01-07,21.02191780821918,1,1,31.333,6.667,0.36,23.333,0.533,6.667,0.738,44.833
2006-01-10,21.03013698630137,1,1,33.0,7.333,0.369,23.333,0.578,7.333,0.6,45.05
2006-01-12,21.035616438356165,0,1,34.333,7.0,0.286,24.0,0.591,8.667,0.557,45.15
2006-01-14,21.04109589041096,0,1,33.0,5.667,0.365,25.0,0.529,9.667,0.538,43.767
2006-01-15,21.04383561643836,0,1,36.667,6.0,0.431,27.0,0.532,8.333,0.724,43.283
2006-01-18,21.052054794520547,0,0,34.333,5.333,0.497,25.333,0.509,8.333,0.724,41.722
2006-01-20,21.057534246575344,0,0,33.0,6.333,0.386,24.667,0.459,10.333,0.753,42.217
2006-01-21,21.06027397260274,0,1,22.333,4.667,0.178,22.667,0.321,10.667,0.642,39.367
2006-01-24,21.068493150684933,1,0,29.667,5.667,0.278,25.667,0.373,10.667,0.673,39.856
2006-01-25,21.07123287671233,0,1,29.333,5.333,0.3,26.0,0.368,9.0,0.728,37.783
2006-01-27,21.076712328767123,0,1,37.333,6.0,0.367,26.0,0.459,13.667,0.756,41.35
2006-01-29,21.08219178082192,1,1,30.333,4.0,0.367,22.0,0.452,12.667,0.692,42.122
2006-01-30,21.084931506849315,0,1,37.333,4.667,0.376,26.0,0.512,13.333,0.653,44.583
2006-02-01,21.09041095890411,1,1,34.667,5.0,0.421,25.0,0.539,10.333,0.584,39.806
2006-02-02,21.09315068493151,0,1,33.333,5.0,0.254,24.333,0.492,11.667,0.654,39.583
2006-02-04,21.0986301369863,1,1,28.333,4.333,0.244,23.0,0.458,8.667,0.793,38.433
2006-02-06,21.104109589041094,1,0,28.667,4.667,0.229,22.333,0.461,8.333,0.911,43.639
2006-02-08,21.10958904109589,0,1,27.333,6.333,0.324,22.0,0.484,5.667,0.8,43.944
2006-02-10,21.115068493150684,0,0,29.333,6.333,0.257,23.667,0.454,10.333,0.702,46.056
2006-02-11,21.117808219178084,1,1,25.0,5.0,0.162,25.667,0.345,9.667,0.652,45.456
2006-02-13,21.123287671232877,1,1,28.667,4.667,0.344,24.667,0.391,11.0,0.819,44.939
2006-02-15,21.12876712328767,0,1,31.667,4.0,0.389,24.333,0.475,8.0,0.792,43.3
2006-02-21,21.145205479452056,1,1,40.0,4.667,0.389,27.333,0.555,10.333,0.786,46.144
2006-02-22,21.147945205479452,0,1,37.667,4.333,0.178,29.667,0.498,10.0,0.691,45.828
2006-02-24,21.153424657534245,1,1,34.0,4.667,0.15,26.667,0.486,10.667,0.682,46.628
2006-02-26,21.15890410958904,0,0,28.0,5.667,0.275,23.0,0.431,12.0,0.578,44.578
2006-02-27,21.16164383561644,1,1,26.667,5.0,0.431,21.667,0.442,10.667,0.563,42.883
2006-03-01,21.167123287671235,1,0,24.333,4.667,0.347,21.0,0.397,10.667,0.629,44.033
2006-03-02,21.16986301369863,0,1,22.333,3.333,0.306,21.0,0.397,6.667,0.679,43.0
2006-03-05,21.17808219178082,1,1,26.0,3.333,0.083,23.333,0.383,10.0,0.739,45.95
2006-03-07,21.183561643835617,1,0,29.667,3.333,0.194,25.333,0.425,8.667,0.806,45.911
2006-03-08,21.186301369863013,0,1,29.0,4.0,0.222,24.0,0.412,8.333,0.893,45.6
2006-03-10,21.19178082191781,0,1,29.667,4.0,0.333,23.0,0.457,8.0,0.833,44.822
2006-03-12,21.197260273972603,0,1,25.667,5.0,0.333,21.0,0.415,8.0,0.778,42.328
2006-03-14,21.202739726027396,0,1,35.667,5.0,0.278,24.333,0.453,15.333,0.786,42.844
2006-03-17,21.21095890410959,1,1,36.0,4.667,0.167,25.333,0.445,14.0,0.897,43.072
2006-03-19,21.216438356164385,1,1,36.667,4.667,0.111,25.667,0.439,15.333,0.886,44.806
2006-03-22,21.224657534246575,1,1,30.667,4.0,0.306,24.667,0.442,9.333,0.8,45.333
2006-03-24,21.23013698630137,1,1,31.0,5.0,0.372,22.667,0.428,14.333,0.699,47.072
2006-03-26,21.235616438356164,0,1,34.0,5.667,0.483,23.667,0.464,13.667,0.682,47.3
2006-03-29,21.243835616438357,1,1,36.333,5.667,0.233,27.0,0.463,14.0,0.724,47.989
2006-04-01,21.252054794520543,1,1,39.333,6.333,0.357,27.667,0.536,10.667,0.749,45.739
2006-04-02,21.254794520547943,0,1,43.0,5.667,0.301,27.333,0.583,12.667,0.808,45.95
2006-04-04,21.26027397260274,1,1,42.667,6.0,0.435,24.0,0.626,12.0,0.825,43.4
2006-04-05,21.263013698630136,0,1,39.667,7.0,0.378,23.667,0.591,10.667,0.828,40.478
2006-04-08,21.27123287671233,0,1,36.0,7.333,0.457,23.333,0.544,10.667,0.709,40.25
2006-04-10,21.27671232876712,0,1,36.667,6.667,0.324,24.0,0.518,13.0,0.721,41.206
2006-04-12,21.28219178082192,0,0,35.0,4.333,0.19,24.667,0.487,14.0,0.684,43.689
2006-04-16,21.293150684931508,0,0,30.333,3.0,0.0,22.667,0.469,12.0,0.743,39.206
2006-11-01,21.83835616438356,1,1,23.667,2.0,0.0,19.333,0.481,7.333,0.639,34.333
2006-11-03,21.843835616438355,0,1,21.667,2.333,0.167,19.333,0.467,5.333,0.528,33.839
2006-11-04,21.846575342465755,0,0,26.0,2.0,0.333,22.0,0.499,6.333,0.459,37.35
2006-11-07,21.854794520547944,1,1,25.667,3.0,0.444,21.0,0.409,9.0,0.593,40.206
2006-11-09,21.86027397260274,1,0,28.333,4.333,0.403,21.667,0.423,10.667,0.633,42.422
2006-11-11,21.865753424657537,1,1,23.0,4.0,0.236,17.333,0.398,9.667,0.743,41.072
2006-11-13,21.87123287671233,0,1,30.333,4.333,0.208,18.667,0.497,14.0,0.719,42.883
2006-11-15,21.876712328767123,1,1,28.667,3.0,0.333,16.333,0.506,13.333,0.789,40.9
2006-11-17,21.882191780821916,1,1,33.0,4.667,0.5,17.0,0.574,14.333,0.77,41.256
2006-11-18,21.884931506849316,0,0,32.667,5.0,0.55,19.333,0.564,11.333,0.757,40.244
2006-11-21,21.893150684931506,1,0,29.667,4.0,0.3,19.667,0.522,10.0,0.801,37.578
2006-11-22,21.895890410958906,0,1,24.0,3.667,0.2,21.667,0.411,6.667,0.529,38.606
2006-11-24,21.9013698630137,0,1,21.667,4.333,0.162,21.667,0.397,5.0,0.489,38.411
2006-11-25,21.904109589041095,1,1,25.0,4.667,0.495,19.667,0.407,10.0,0.489,41.444
2006-11-29,21.915068493150685,1,1,28.333,4.333,0.512,19.333,0.462,12.0,0.679,41.061
2006-12-01,21.92054794520548,0,1,27.333,3.667,0.417,18.667,0.461,12.667,0.669,41.483
2006-12-02,21.923287671232877,0,0,27.667,4.0,0.194,21.667,0.492,9.333,0.602,41.644
2006-12-06,21.934246575342467,1,1,26.333,4.667,0.222,22.333,0.432,9.333,0.65,39.944
2006-12-09,21.942465753424656,1,1,26.0,3.667,0.389,21.0,0.484,7.333,0.638,39.717
2006-12-11,21.947945205479453,0,0,24.667,3.667,0.389,18.667,0.539,6.0,0.66,36.033
2006-12-13,21.95342465753425,1,0,22.667,2.667,0.278,17.333,0.563,4.0,0.756,37.989
2006-12-15,21.95890410958904,1,0,21.333,2.667,0.111,17.0,0.477,6.0,0.859,38.361
2006-12-16,21.96164383561644,0,1,19.667,2.667,0.222,16.333,0.462,5.0,0.859,38.944
2006-12-20,21.972602739726028,0,1,24.333,3.333,0.356,16.667,0.507,7.667,0.785,38.761
2006-12-21,21.975342465753425,1,1,29.333,3.667,0.467,18.333,0.541,11.0,0.736,38.283
2006-12-23,21.980821917808218,1,1,30.667,3.0,0.244,20.333,0.477,12.667,0.847,41.411
2006-12-27,21.991780821917807,0,1,31.667,2.333,0.333,21.0,0.508,13.0,0.721,42.028
2006-12-29,21.997260273972604,1,1,28.333,2.0,0.389,22.0,0.49,8.667,0.717,41.806
2006-12-30,22.0,0,1,30.333,3.667,0.5,22.333,0.514,10.333,0.588,42.144
2007-01-02,22.008219178082193,1,0,30.667,4.0,0.528,24.0,0.5,8.0,0.455,41.283
2007-01-03,22.01095890410959,0,1,28.0,3.667,0.361,21.333,0.504,9.0,0.357,41.522
2007-01-05,22.016438356164382,0,0,28.0,2.667,0.472,21.0,0.513,8.0,0.418,41.778
2007-01-06,22.019178082191782,1,0,19.667,2.667,0.222,16.667,0.398,7.667,0.752,42.617
2007-01-09,22.027397260273972,0,1,19.667,3.333,0.333,18.0,0.403,4.0,0.6,43.872
2007-01-11,22.03287671232877,0,1,20.333,4.667,0.254,20.0,0.399,1.667,0.667,43.417
2007-01-13,22.03835616438356,0,1,29.0,6.333,0.365,25.0,0.501,1.667,0.5,42.078
2007-01-16,22.04657534246575,0,1,32.0,5.667,0.254,25.667,0.503,4.333,0.833,41.422
2007-01-17,22.04931506849315,0,0,30.667,5.667,0.159,24.0,0.451,8.333,0.789,41.472
2007-01-19,22.054794520547944,0,1,27.0,4.0,0.131,21.667,0.399,12.0,0.776,40.239
2007-01-20,22.057534246575344,0,1,27.667,4.0,0.131,21.667,0.384,14.0,0.729,40.85
2007-01-22,22.063013698630137,1,0,28.333,4.0,0.179,22.0,0.469,10.667,0.573,41.617
2007-01-24,22.068493150684933,1,1,26.667,3.667,0.095,20.0,0.476,10.667,0.573,44.372
2007-01-28,22.07945205479452,1,1,29.667,6.0,0.22,21.0,0.525,10.333,0.492,47.472
2007-02-01,22.09041095890411,0,0,29.0,5.667,0.292,21.0,0.494,10.667,0.526,46.206
2007-02-02,22.09315068493151,1,0,28.667,7.0,0.387,22.0,0.472,9.0,0.497,43.606
2007-02-04,22.0986301369863,1,0,21.667,4.667,0.262,17.667,0.472,7.333,0.458,37.767
2007-02-07,22.106849315068494,1,0,18.667,4.0,0.179,17.667,0.427,6.333,0.514,38.172
2007-02-09,22.112328767123287,1,1,16.667,2.333,0.25,16.0,0.418,4.333,0.722,38.417
2007-02-11,22.117808219178084,1,0,20.333,3.333,0.333,19.0,0.421,4.333,0.722,40.244
2007-02-14,22.126027397260273,0,0,19.333,2.667,0.25,17.0,0.389,7.333,0.722,38.6
2007-02-15,22.12876712328767,0,1,23.333,3.0,0.083,21.0,0.406,9.667,0.574,40.711
2007-02-21,22.145205479452056,0,1,26.333,2.0,0.0,19.0,0.433,14.333,0.68,40.267
2007-02-22,22.147945205479452,1,1,30.0,1.667,0.0,22.0,0.488,12.0,0.791,39.756
2007-02-25,22.156164383561645,0,1,32.0,2.0,0.083,23.0,0.523,11.667,0.689,39.861
2007-02-27,22.16164383561644,1,1,29.0,3.333,0.217,25.0,0.466,8.333,0.611,40.428
2007-03-01,22.167123287671235,0,1,31.0,4.333,0.467,24.0,0.518,9.0,0.468,42.433
2007-03-03,22.172602739726027,1,1,34.333,4.333,0.467,23.667,0.574,9.0,0.551,41.433
2007-03-05,22.17808219178082,1,1,36.667,3.667,0.444,23.0,0.589,10.667,0.651,40.056
2007-03-07,22.183561643835617,0,1,35.667,4.333,0.361,23.667,0.543,11.333,0.646,39.656
2007-03-10,22.19178082191781,0,1,36.333,4.0,0.389,25.0,0.516,11.333,0.729,43.222
2007-03-11,22.194520547945206,1,1,35.0,5.0,0.5,25.667,0.531,7.0,0.769,42.933
2007-03-14,22.202739726027396,0,1,33.0,5.0,0.444,25.0,0.516,5.667,0.85,41.956
2007-03-17,22.21095890410959,1,0,29.0,6.333,0.524,20.333,0.549,5.0,0.767,34.928
2007-03-20,22.21917808219178,0,1,26.333,6.333,0.301,20.0,0.494,8.0,0.638,37.317
2007-03-21,22.221917808219175,1,1,30.0,7.333,0.264,23.0,0.472,10.333,0.677,39.933
2007-03-23,22.22739726027397,1,0,30.667,7.0,0.13,26.667,0.399,10.667,0.796,45.222
2007-03-25,22.232876712328768,1,0,29.667,5.333,0.13,25.0,0.439,8.333,0.869,43.422
2007-03-27,22.23835616438356,0,1,23.333,4.333,0.111,21.0,0.45,4.667,0.897,41.511
2007-03-28,22.24109589041096,0,0,21.667,3.333,0.056,17.667,0.455,7.0,0.849,39.739
2007-03-31,22.24931506849315,0,1,22.667,4.667,0.189,19.0,0.388,9.667,0.809,41.622
2007-04-03,22.257534246575343,0,1,29.667,3.667,0.133,21.0,0.435,13.667,0.758,43.817
2007-04-05,22.263013698630136,1,1,31.333,3.333,0.133,23.0,0.467,10.667,0.853,44.378
2007-04-06,22.265753424657536,0,1,35.0,3.333,0.133,23.333,0.542,10.333,0.897,45.939
2007-04-08,22.27123287671233,0,0,30.333,3.333,0.133,22.667,0.457,10.667,0.877,44.944
2007-04-12,22.28219178082192,1,1,26.667,4.0,0.217,20.0,0.38,12.667,0.817,45.372
2007-04-14,22.28767123287671,1,0,26.667,2.667,0.083,22.0,0.391,11.333,0.72,40.922
2007-04-17,22.295890410958904,0,0,26.0,3.667,0.25,19.667,0.456,8.333,0.725,36.767
2007-04-18,22.2986301369863,1,0,25.333,3.0,0.167,19.333,0.508,7.0,0.642,34.417
2007-10-31,22.83561643835617,1,0,21.667,4.0,0.25,16.333,0.489,7.333,0.624,35.989
2007-11-02,22.84109589041096,1,1,17.333,2.667,0.083,14.667,0.383,9.0,0.557,37.389
2007-11-04,22.846575342465755,0,1,26.333,3.667,0.283,19.0,0.382,14.0,0.609,40.178
2007-11-06,22.852054794520548,0,0,27.333,4.0,0.4,21.667,0.356,11.333,0.776,41.261
2007-11-07,22.854794520547944,0,1,32.0,4.0,0.567,23.333,0.483,10.333,0.814,43.161
2007-11-09,22.86027397260274,0,1,27.667,3.667,0.45,23.0,0.477,8.0,0.727,41.939
2007-11-11,22.865753424657537,0,0,27.333,2.667,0.25,20.667,0.511,10.0,0.644,42.15
2007-11-12,22.86849315068493,0,1,26.667,2.667,0.083,22.333,0.466,10.333,0.572,40.172
2007-11-14,22.873972602739727,1,1,25.0,2.333,0.111,18.667,0.506,10.0,0.607,37.85
2007-11-16,22.87945205479452,1,1,29.333,3.0,0.278,21.333,0.516,10.333,0.616,38.978
2007-11-20,22.89041095890411,1,1,35.333,3.333,0.389,23.333,0.533,12.667,0.739,40.428
2007-11-21,22.893150684931506,0,1,37.667,4.667,0.325,25.333,0.512,12.0,0.854,43.867
2007-11-24,22.9013698630137,1,1,39.667,6.667,0.359,25.0,0.545,11.667,0.803,41.139
2007-11-25,22.904109589041095,0,1,38.667,8.333,0.331,25.667,0.546,9.333,0.806,42.611
2007-11-27,22.90958904109589,1,1,37.333,8.0,0.339,25.333,0.538,10.333,0.7,39.839
2007-11-28,22.912328767123288,0,0,35.0,7.333,0.222,25.0,0.466,12.667,0.803,42.078
2007-12-11,22.947945205479453,1,0,27.667,5.333,0.139,19.0,0.457,13.0,0.696,33.689
2007-12-14,22.95616438356164,0,1,23.333,3.667,0.083,15.0,0.484,11.333,0.73,29.3
2007-12-15,22.95890410958904,1,0,20.333,4.0,0.111,15.0,0.497,7.333,0.641,27.761
2007-12-17,22.964383561643835,1,1,22.333,3.667,0.111,17.333,0.531,4.667,0.789,35.178
2007-12-19,22.96986301369863,0,1,27.0,5.0,0.111,22.667,0.479,5.667,0.838,44.378
2007-12-20,22.972602739726028,1,1,28.0,4.0,0.167,21.333,0.509,6.667,0.893,42.95
2007-12-23,22.980821917808218,1,1,32.0,4.667,0.167,25.0,0.462,10.0,0.832,41.85
2007-12-25,22.986301369863018,1,1,30.0,3.667,0.167,23.333,0.462,10.0,0.781,38.728
2007-12-27,22.991780821917807,0,0,27.667,2.667,0.0,22.667,0.429,11.667,0.715,39.306
2007-12-29,22.997260273972604,0,0,24.667,3.0,0.083,20.0,0.434,11.333,0.609,38.589
2008-01-02,23.008219178082193,1,1,23.333,3.667,0.167,20.333,0.428,9.0,0.601,39.089
2008-01-04,23.013698630136982,1,0,27.0,3.667,0.278,21.333,0.467,9.0,0.662,39.583
2008-01-06,23.019178082191782,0,1,27.0,4.333,0.25,20.333,0.454,9.667,0.745,42.594
2008-01-08,23.024657534246575,1,0,33.0,5.667,0.333,23.0,0.488,11.667,0.717,43.722
2008-01-09,23.027397260273972,0,1,28.333,5.667,0.222,21.667,0.439,10.0,0.778,42.083
2008-01-11,23.03287671232877,1,1,30.667,5.0,0.167,23.0,0.506,9.0,0.713,41.428
2008-01-15,23.04383561643836,0,1,28.0,4.667,0.095,20.0,0.512,10.0,0.719,42.717
2008-01-17,23.04931506849315,0,1,37.667,7.667,0.262,23.333,0.578,13.333,0.573,46.717
2008-01-21,23.06027397260274,0,1,36.333,8.0,0.329,24.0,0.506,14.333,0.61,45.222
2008-01-23,23.065753424657533,1,0,35.333,7.0,0.317,26.0,0.48,11.0,0.743,41.911
2008-01-25,23.07123287671233,1,1,26.0,4.0,0.261,21.0,0.445,8.667,0.852,36.567
2008-01-27,23.076712328767123,0,1,29.0,2.667,0.194,23.0,0.476,8.0,0.896,36.744
2008-01-30,23.084931506849315,0,1,33.333,3.0,0.178,25.0,0.502,10.333,0.785,38.233
2008-02-02,23.09315068493151,1,1,38.0,4.0,0.233,30.333,0.472,11.333,0.711,42.483
2008-02-05,23.101369863013694,1,1,35.333,5.0,0.317,26.667,0.456,13.333,0.674,43.939
2008-02-07,23.106849315068494,0,1,32.667,6.0,0.417,23.0,0.464,12.667,0.685,43.361
2008-02-08,23.10958904109589,0,1,31.0,5.667,0.383,21.0,0.489,12.333,0.644,42.472
2008-02-10,23.115068493150684,1,1,30.333,5.333,0.3,22.667,0.501,8.333,0.748,42.539
2008-02-11,23.117808219178084,0,1,29.333,4.333,0.267,23.333,0.486,7.0,0.848,39.272
2008-02-13,23.123287671232877,1,1,28.333,3.333,0.3,20.667,0.49,8.333,0.933,40.15
2008-02-19,23.13972602739726,1,1,32.667,4.0,0.367,23.0,0.52,9.333,0.79,39.728
2008-02-20,23.14246575342466,0,1,31.333,4.667,0.424,21.333,0.49,11.0,0.699,42.906
2008-02-22,23.147945205479452,1,1,32.0,5.667,0.324,23.667,0.479,10.0,0.655,42.7
2008-02-24,23.153424657534245,1,1,30.0,6.0,0.368,20.0,0.48,12.333,0.679,43.3
2008-02-26,23.15890410958904,0,1,29.667,5.0,0.261,19.667,0.546,10.333,0.703,42.267
2008-02-27,23.16164383561644,0,1,31.0,4.333,0.305,20.333,0.602,8.0,0.614,40.467
2008-02-29,23.167123287671235,1,1,28.667,4.333,0.25,21.667,0.516,8.333,0.644,38.622
2008-03-02,23.172602739726027,1,1,30.333,4.333,0.25,23.333,0.486,9.667,0.637,40.139
2008-03-05,23.18082191780822,0,1,31.0,5.0,0.139,25.0,0.436,10.667,0.795,40.811
2008-03-06,23.183561643835617,0,1,39.0,7.333,0.263,27.0,0.517,11.0,0.78,42.422
2008-03-08,23.18904109589041,1,1,42.0,8.667,0.263,28.667,0.51,12.0,0.827,40.533
2008-03-10,23.194520547945206,1,0,42.333,9.667,0.471,27.0,0.491,13.333,0.841,39.989
2008-03-12,23.2,0,1,33.667,6.667,0.375,23.0,0.443,12.333,0.842,39.939
2008-03-13,23.202739726027396,0,1,34.667,6.333,0.387,21.667,0.456,16.0,0.768,42.528
2008-03-16,23.21095890410959,1,1,30.333,6.0,0.226,21.0,0.44,14.667,0.713,44.25
2008-03-17,23.213698630136985,0,1,33.333,5.667,0.254,23.0,0.463,15.667,0.69,43.578
2008-03-19,23.21917808219178,1,1,29.333,4.667,0.242,22.667,0.456,11.667,0.67,42.428
2008-03-21,23.224657534246575,1,1,31.0,4.0,0.328,21.667,0.512,11.333,0.706,41.656
2008-03-22,23.22739726027397,0,1,29.667,4.0,0.328,21.0,0.572,6.0,0.498,41.567
2008-03-26,23.23835616438356,1,0,29.333,5.667,0.355,22.0,0.525,5.667,0.552,40.35
2008-03-29,23.246575342465754,0,0,26.333,4.667,0.389,20.333,0.475,6.667,0.533,40.178
2008-03-30,23.24931506849315,1,1,21.0,5.333,0.344,18.667,0.341,8.667,0.756,38.144
2008-04-02,23.257534246575343,0,1,20.0,3.0,0.4,16.333,0.425,6.333,0.822,39.211
2008-04-03,23.26027397260274,1,1,22.667,3.667,0.317,18.0,0.475,5.0,0.889,36.1
2008-04-05,23.265753424657536,1,0,29.333,4.333,0.393,20.333,0.536,7.667,0.905,37.167
2008-04-09,23.27671232876712,1,1,26.333,5.333,0.293,21.667,0.423,9.333,0.738,37.361
2008-04-11,23.28219178082192,0,1,27.667,5.333,0.293,22.333,0.405,11.667,0.661,38.744
2008-04-13,23.28767123287671,1,0,28.0,5.0,0.261,21.333,0.472,11.0,0.59,38.639
2008-04-14,23.29041095890411,0,1,26.667,3.667,0.194,17.0,0.492,11.333,0.682,36.267
2008-10-28,23.83013698630137,0,0,24.667,3.0,0.278,16.0,0.503,11.0,0.593,38.372
2008-10-30,23.83561643835617,1,0,20.667,2.333,0.167,16.0,0.439,9.667,0.593,37.644
2008-11-01,23.84109589041096,0,0,23.667,2.667,0.167,18.0,0.484,10.667,0.556,35.983
2008-11-03,23.846575342465755,0,1,19.667,3.0,0.0,17.0,0.432,8.0,0.639,34.661
2008-11-05,23.852054794520548,1,1,22.0,2.333,0.0,16.667,0.422,10.333,0.761,34.039
2008-11-07,23.85753424657534,1,1,28.333,2.333,0.0,19.333,0.455,11.667,0.852,35.894
2008-11-08,23.86027397260274,0,1,32.333,3.333,0.056,22.333,0.474,12.667,0.792,36.433
2008-11-11,23.86849315068493,1,1,36.333,5.0,0.246,25.333,0.49,12.0,0.785,38.122
2008-11-13,23.873972602739727,1,0,36.333,5.667,0.329,25.667,0.524,10.0,0.739,40.433
2008-11-15,23.87945205479452,1,1,34.667,3.667,0.274,24.333,0.538,9.0,0.715,40.0
2008-11-18,23.887671232876713,0,1,33.667,3.667,0.226,21.667,0.595,8.333,0.706,40.95
2008-11-19,23.89041095890411,0,1,30.333,3.667,0.226,20.333,0.523,10.667,0.675,38.683
2008-11-22,23.898630136986306,1,0,31.333,5.0,0.226,20.667,0.483,12.667,0.808,39.172
2008-11-25,23.90684931506849,0,1,26.667,4.0,0.167,20.0,0.417,11.333,0.869,37.35
2008-11-26,23.90958904109589,1,0,25.0,5.0,0.226,18.0,0.434,9.333,0.906,35.472
2008-11-28,23.915068493150685,1,0,21.333,4.0,0.226,15.0,0.501,6.0,0.606,28.017
2008-11-29,23.91780821917808,0,1,21.0,4.0,0.393,13.0,0.592,5.0,0.439,26.039
2008-12-03,23.92876712328767,1,0,23.0,3.333,0.317,17.333,0.573,4.667,0.4,29.717
2008-12-05,23.934246575342467,1,0,25.333,4.333,0.4,16.667,0.545,8.0,0.733,33.389
2008-12-06,23.936986301369863,0,1,21.333,4.333,0.15,16.333,0.426,8.0,0.817,35.711
2008-12-09,23.945205479452056,1,1,19.0,4.0,0.25,13.0,0.435,7.333,0.875,31.144
2008-12-10,23.947945205479453,0,1,22.333,4.333,0.3,15.667,0.472,6.667,0.833,31.894
2008-12-12,23.95342465753425,1,1,28.333,5.0,0.411,19.0,0.512,8.0,0.875,32.378
2008-12-13,23.95616438356164,0,1,29.333,5.0,0.328,20.333,0.498,9.333,0.833,35.433
2008-12-17,23.96712328767123,0,1,30.0,5.667,0.29,20.667,0.47,10.667,0.847,40.522
2008-12-19,23.972602739726028,0,1,31.0,5.667,0.29,20.0,0.552,9.333,0.722,40.711
2008-12-21,23.97808219178082,0,1,32.667,5.0,0.206,19.667,0.625,8.0,0.764,41.35
2008-12-23,23.983561643835618,1,1,32.0,4.0,0.278,21.333,0.644,4.667,0.625,40.383
2008-12-25,23.98904109589041,1,0,30.333,3.0,0.167,22.333,0.57,5.667,0.696,39.95
2008-12-28,23.997260273972604,1,1,25.333,3.0,0.167,20.0,0.508,6.333,0.605,39.772
2008-12-30,24.0,0,1,26.0,3.0,0.167,18.333,0.524,9.667,0.632,39.689
2009-01-02,24.008219178082193,1,0,29.667,4.667,0.292,18.667,0.531,12.0,0.656,41.406
2009-01-04,24.013698630136982,0,1,29.0,5.0,0.514,17.0,0.502,11.333,0.79,41.089
2009-01-07,24.02191780821918,1,0,28.0,6.667,0.458,18.0,0.458,10.0,0.804,40.506
2009-01-09,24.027397260273972,1,1,22.333,4.333,0.333,15.333,0.479,6.333,0.875,36.339
2009-01-13,24.03835616438356,0,1,29.667,5.667,0.254,21.0,0.528,6.667,0.875,35.856
2009-01-15,24.04383561643836,0,1,29.667,4.333,0.21,18.667,0.561,8.667,0.929,35.667
2009-01-16,24.04657534246575,1,1,32.0,6.0,0.265,22.667,0.469,13.0,0.825,40.111
2009-01-19,24.054794520547944,0,0,29.0,4.333,0.122,22.333,0.462,12.0,0.769,42.5
2009-01-21,24.06027397260274,0,1,26.667,4.333,0.122,25.667,0.382,10.0,0.674,43.156
2009-01-23,24.065753424657533,0,1,28.667,4.333,0.233,26.333,0.442,6.0,0.694,42.394
2009-01-24,24.068493150684933,0,1,29.667,5.333,0.367,26.333,0.415,9.333,0.625,41.617
2009-01-27,24.076712328767123,1,0,33.0,5.667,0.356,27.0,0.468,8.667,0.681,41.272
2009-01-29,24.08219178082192,0,0,29.333,4.333,0.189,20.333,0.479,12.333,0.72,39.767
2009-01-30,24.084931506849315,1,1,26.333,3.333,0.056,21.333,0.463,9.0,0.678,38.778
2009-02-01,24.09041095890411,0,1,23.667,2.667,0.167,18.0,0.466,9.0,0.733,37.444
2009-02-03,24.095890410958905,1,1,27.0,4.667,0.292,23.0,0.46,7.667,0.626,37.883
2009-02-04,24.0986301369863,0,1,30.333,5.667,0.425,20.667,0.486,10.0,0.793,37.828
2009-02-08,24.10958904109589,1,0,39.333,6.667,0.354,26.0,0.482,14.333,0.796,40.133
2009-02-10,24.115068493150684,0,1,33.667,6.667,0.312,24.333,0.405,13.333,0.781,40.567
2009-02-11,24.117808219178084,1,1,38.333,7.333,0.369,24.667,0.493,13.667,0.757,41.783
2009-02-18,24.136986301369863,0,0,29.667,6.667,0.34,19.667,0.488,10.0,0.768,38.194
2009-02-20,24.14246575342466,0,1,31.0,5.0,0.257,18.667,0.581,8.0,0.935,35.883
2009-02-22,24.147945205479452,1,0,33.667,6.333,0.309,21.333,0.527,10.667,0.852,35.517
2009-02-24,24.153424657534245,1,0,31.667,5.667,0.242,19.667,0.514,11.333,0.827,34.611
2009-02-26,24.15890410958904,0,0,30.0,5.333,0.409,17.333,0.471,13.333,0.744,33.433
2009-02-27,24.16164383561644,0,1,18.667,3.333,0.3,14.667,0.398,8.0,0.794,31.361
2009-03-01,24.167123287671235,0,1,22.0,4.333,0.467,18.0,0.418,5.667,0.861,31.883
2009-03-02,24.16986301369863,0,1,25.667,6.0,0.395,21.333,0.418,7.667,0.801,36.567
2009-03-04,24.175342465753424,1,0,32.667,6.667,0.548,21.333,0.514,9.0,0.857,39.839
2009-03-06,24.18082191780822,0,0,30.333,6.333,0.648,17.333,0.552,10.333,0.762,40.194
2009-03-07,24.183561643835617,1,0,28.667,5.667,0.686,15.667,0.529,9.667,0.821,38.383
2009-03-10,24.19178082191781,0,1,19.333,4.333,0.4,13.667,0.434,8.667,0.678,38.267
2009-03-12,24.197260273972603,0,1,22.333,4.667,0.133,17.667,0.367,11.667,0.69,41.767
2009-03-13,24.2,0,1,26.667,5.667,0.125,20.667,0.395,12.0,0.722,43.489
2009-03-15,24.205479452054796,1,0,39.0,8.333,0.246,25.667,0.462,15.333,0.826,44.711
2009-03-17,24.21095890410959,1,1,34.667,7.333,0.246,23.667,0.493,11.0,0.687,43.433
2009-03-19,24.216438356164385,1,1,37.667,7.0,0.312,24.667,0.539,10.0,0.705,43.172
2009-03-21,24.221917808219175,1,0,29.333,4.333,0.19,22.0,0.513,8.0,0.593,43.106
2009-03-22,24.224657534246575,0,1,30.333,4.667,0.274,23.333,0.48,8.667,0.682,43.167
2009-03-25,24.232876712328768,1,0,26.0,3.667,0.167,20.0,0.471,10.333,0.626,41.994
2009-03-27,24.23835616438356,1,1,24.667,3.0,0.5,17.333,0.486,9.0,0.778,39.433
2009-03-29,24.243835616438357,1,0,25.667,2.667,0.639,15.0,0.533,10.667,0.811,37.283
2009-03-31,24.24931506849315,1,1,23.667,2.667,0.722,16.667,0.493,7.333,0.833,34.672
2009-04-02,24.254794520547943,0,1,24.667,3.0,0.389,20.0,0.452,7.667,0.792,35.172
2009-04-03,24.257534246575343,0,1,26.667,4.667,0.333,21.333,0.465,6.667,0.796,36.75
2009-04-05,24.263013698630136,1,1,27.333,5.0,0.3,20.667,0.445,8.333,0.863,36.978
2009-04-08,24.27123287671233,1,0,31.667,6.0,0.433,19.667,0.543,8.333,0.905,35.683
2009-04-10,24.27671232876712,0,1,28.333,4.0,0.267,18.667,0.495,8.667,0.958,33.189
2009-04-12,24.28219178082192,1,1,28.667,3.667,0.217,17.667,0.535,9.333,0.903,34.711
2009-04-13,24.284931506849315,0,1,25.667,4.667,0.292,15.333,0.527,8.667,0.903,32.594
2009-10-27,24.824657534246576,1,1,31.0,6.333,0.387,18.0,0.545,10.667,0.873,35.211
2009-10-28,24.827397260273973,0,0,34.667,8.0,0.452,19.667,0.57,11.0,0.852,37.994
2009-10-30,24.832876712328765,0,0,32.667,7.0,0.31,21.333,0.478,13.667,0.709,41.133
2009-10-31,24.83561643835617,1,0,28.333,5.667,0.437,19.667,0.49,10.0,0.669,39.378
2009-11-03,24.843835616438355,1,1,20.333,3.0,0.289,16.0,0.46,7.667,0.635,36.817
2009-11-05,24.84931506849315,1,1,21.667,3.667,0.318,15.0,0.483,7.333,0.727,35.55
2009-11-06,24.852054794520548,0,1,22.0,4.0,0.179,14.667,0.474,9.333,0.727,37.144
2009-11-11,24.865753424657537,0,1,28.333,5.0,0.345,16.667,0.558,10.333,0.764,36.606
2009-11-12,24.86849315068493,0,1,31.333,3.667,0.472,19.0,0.6,9.0,0.778,37.65
2009-11-14,24.873972602739727,1,0,34.333,3.667,0.556,20.0,0.557,12.0,0.852,37.872
2009-11-17,24.882191780821916,1,1,30.333,3.333,0.389,19.333,0.455,13.0,0.843,38.517
2009-11-18,24.884931506849316,0,1,28.667,4.0,0.233,18.0,0.46,13.333,0.813,38.322
2009-11-20,24.89041095890411,0,1,28.667,5.0,0.21,18.0,0.526,10.0,0.808,37.072
2009-11-21,24.893150684931506,1,1,35.0,5.0,0.321,21.333,0.566,10.667,0.868,37.183
2009-11-25,24.904109589041095,0,1,35.333,4.667,0.421,21.667,0.59,9.333,0.824,37.183
2009-11-27,24.90958904109589,0,1,35.333,3.667,0.361,23.0,0.557,10.333,0.805,38.411
2009-11-28,24.912328767123288,1,1,30.333,5.0,0.345,21.0,0.559,7.0,0.745,38.456
2009-12-02,24.923287671232877,1,0,28.0,4.333,0.179,21.0,0.509,7.333,0.761,37.728
2009-12-04,24.92876712328767,1,0,20.667,4.0,0.095,18.0,0.475,3.667,0.488,36.328
2009-12-06,24.934246575342467,0,0,20.0,2.667,0.111,17.333,0.457,5.667,0.438,35.056
2009-12-08,24.93972602739726,0,1,16.333,2.0,0.111,14.0,0.424,5.667,0.486,33.706
2009-12-09,24.942465753424656,0,1,26.667,4.667,0.232,18.667,0.451,9.667,0.791,37.094
2009-12-11,24.947945205479453,1,1,28.0,5.0,0.288,20.0,0.421,9.667,0.891,38.917
2009-12-13,24.95342465753425,0,1,34.333,5.667,0.455,24.667,0.482,9.333,0.828,40.683
2009-12-15,24.95890410958904,1,0,34.667,4.667,0.542,24.667,0.505,8.667,0.756,38.617
2009-12-16,24.96164383561644,0,1,33.333,5.0,0.442,24.0,0.536,7.333,0.678,38.883
2009-12-18,24.96712328767123,1,1,34.333,6.333,0.442,24.667,0.496,9.0,0.728,39.778
2009-12-20,24.972602739726028,0,1,28.333,5.0,0.4,19.333,0.466,10.333,0.781,39.706
2009-12-21,24.975342465753425,0,1,29.0,5.333,0.444,20.667,0.438,10.667,0.796,40.578
2009-12-23,24.980821917808218,0,1,26.667,4.333,0.389,19.0,0.459,9.0,0.857,39.961
2009-12-25,24.986301369863018,0,1,29.333,4.333,0.305,24.667,0.461,6.667,0.809,41.733
2009-12-27,24.991780821917807,1,1,29.667,4.667,0.29,23.333,0.488,8.0,0.753,40.95
2009-12-29,24.997260273972604,0,0,29.667,5.333,0.312,23.0,0.514,7.333,0.67,37.95
2009-12-30,25.0,1,1,23.0,5.667,0.229,19.667,0.458,6.0,0.654,36.589
2010-01-02,25.008219178082193,0,1,30.333,5.333,0.356,21.0,0.517,7.667,0.764,37.411
2010-01-03,25.01095890410959,1,1,30.0,5.0,0.306,19.667,0.463,11.333,0.803,39.75
2010-01-06,25.019178082191782,1,0,35.0,5.333,0.417,20.0,0.57,11.0,0.747,40.833
2010-01-08,25.024657534246575,0,1,26.667,4.667,0.278,16.333,0.547,9.333,0.698,36.711
2010-01-10,25.03013698630137,0,1,29.0,6.0,0.278,20.333,0.544,8.667,0.64,38.328
2010-01-11,25.03287671232877,0,1,33.0,5.333,0.417,19.667,0.565,12.667,0.759,39.133
2010-01-14,25.04109589041096,0,1,37.667,5.333,0.417,23.333,0.545,13.667,0.802,42.728
2010-01-16,25.04657534246575,0,1,38.0,4.667,0.556,20.667,0.602,13.333,0.794,42.433
2010-01-19,25.054794520547944,1,1,35.0,5.333,0.472,21.0,0.574,11.0,0.746,40.311
2010-01-21,25.06027397260274,1,1,32.0,6.333,0.389,19.333,0.548,11.0,0.746,40.111
2010-01-23,25.065753424657533,1,1,32.333,7.333,0.204,21.0,0.521,11.333,0.78,40.106
2010-01-25,25.07123287671233,0,1,34.0,8.667,0.237,20.667,0.479,15.333,0.77,41.35
2010-01-27,25.076712328767123,1,0,35.333,9.333,0.311,22.333,0.462,16.333,0.72,40.517
2010-01-29,25.08219178082192,0,0,27.0,7.333,0.385,16.667,0.413,14.0,0.741,37.233
2010-01-31,25.087671232876712,1,1,22.0,5.333,0.185,16.333,0.366,13.333,0.709,34.906
2010-02-02,25.09315068493151,1,0,22.0,4.333,0.389,15.333,0.403,10.333,0.765,35.372
2010-02-04,25.0986301369863,1,1,25.333,4.667,0.361,17.333,0.444,10.667,0.821,37.561
2010-02-06,25.104109589041094,1,1,30.0,4.667,0.444,16.667,0.521,12.0,0.895,39.044
2010-02-09,25.112328767123287,1,1,35.0,6.667,0.333,20.333,0.537,11.667,0.937,40.356
2010-02-11,25.117808219178084,1,1,38.333,6.667,0.333,22.667,0.577,12.333,0.789,42.1
2010-02-18,25.136986301369863,1,1,37.0,7.333,0.361,24.333,0.548,9.333,0.796,43.761
2010-02-19,25.13972602739726,0,0,35.667,6.333,0.231,25.0,0.517,12.667,0.698,44.811
2010-02-21,25.145205479452056,0,1,32.333,7.0,0.259,22.667,0.453,13.0,0.78,42.528
2010-02-23,25.15068493150685,1,0,32.667,7.0,0.204,24.0,0.455,13.0,0.724,40.628
2010-02-25,25.156164383561645,0,1,25.0,6.0,0.278,18.333,0.449,8.667,0.822,39.667
2010-02-26,25.15890410958904,0,1,29.667,6.0,0.333,21.333,0.465,10.333,0.8,39.817
2010-03-01,25.167123287671235,1,0,30.667,5.333,0.361,18.667,0.501,11.667,0.89,41.489
2010-03-03,25.172602739726027,0,1,31.333,4.667,0.333,19.0,0.532,12.0,0.757,37.194
2010-03-05,25.17808219178082,1,1,28.0,4.0,0.167,17.333,0.558,9.333,0.798,38.772
2010-03-12,25.197260273972603,0,0,29.333,5.0,0.226,20.667,0.559,6.0,0.763,37.928
2010-03-14,25.202739726027396,1,1,29.667,7.0,0.243,21.0,0.513,8.333,0.73,41.55
2010-03-16,25.208219178082192,0,1,31.0,6.667,0.354,22.0,0.47,11.333,0.674,40.944
2010-03-17,25.21095890410959,1,1,27.333,5.333,0.322,20.333,0.424,13.0,0.638,41.361
2010-03-19,25.216438356164385,0,1,30.333,3.333,0.389,22.333,0.447,12.333,0.738,40.233
2010-03-21,25.221917808219175,1,0,30.0,3.333,0.278,22.333,0.447,11.0,0.815,39.783
2010-03-24,25.23013698630137,0,1,25.333,3.333,0.389,18.0,0.481,8.333,0.906,35.678
2010-03-26,25.235616438356164,0,1,27.333,3.667,0.289,17.333,0.556,7.667,0.931,36.356
2010-03-28,25.24109589041096,1,1,26.667,4.667,0.345,17.333,0.587,6.0,0.815,36.95
2010-03-31,25.24931506849315,1,0,33.0,5.667,0.289,21.667,0.599,7.0,0.76,39.711
2010-04-02,25.254794520547943,1,1,28.0,4.333,0.222,20.0,0.509,8.667,0.699,39.156
2010-04-04,25.26027397260274,0,1,28.0,3.333,0.278,19.667,0.518,8.667,0.699,38.844
2010-04-06,25.265753424657536,1,0,30.667,4.333,0.111,22.667,0.471,14.0,0.633,40.661
2010-10-26,25.82191780821918,0,1,29.333,4.667,0.111,21.333,0.462,13.0,0.702,39.489
2010-10-27,25.824657534246576,0,0,30.667,5.667,0.167,21.667,0.438,14.667,0.734,40.917
2010-10-29,25.83013698630137,1,0,22.0,3.333,0.167,15.333,0.426,9.333,0.856,38.589
2010-10-31,25.83561643835617,0,0,20.667,3.667,0.389,15.333,0.452,6.667,0.722,36.744
2010-11-02,25.84109589041096,1,0,17.0,3.0,0.222,12.333,0.432,6.667,0.778,32.178
2010-11-05,25.84931506849315,0,0,18.333,3.0,0.222,12.333,0.487,7.333,0.694,30.472
2010-11-06,25.852054794520548,1,0,20.0,2.667,0.167,13.333,0.458,9.333,0.819,34.194
2010-11-09,25.86027397260274,1,0,21.0,2.667,0.333,14.667,0.507,7.0,0.742,35.739
2010-11-11,25.865753424657537,1,1,21.0,2.333,0.333,16.667,0.405,8.0,0.795,40.506
2010-11-13,25.87123287671233,1,0,26.0,3.333,0.167,18.333,0.423,12.667,0.761,41.594
2010-11-17,25.882191780821916,1,0,26.0,2.333,0.0,20.0,0.363,14.667,0.773,43.511
2010-11-19,25.887671232876713,1,1,26.0,2.667,0.0,19.0,0.47,12.0,0.692,35.617
2010-11-20,25.89041095890411,0,1,25.0,2.667,0.133,20.333,0.487,7.0,0.72,33.956
2010-11-22,25.895890410958906,1,1,27.0,3.667,0.3,21.0,0.519,5.333,0.786,34.878
2010-11-24,25.9013698630137,0,1,28.667,5.667,0.383,20.667,0.462,9.333,0.808,41.05
2010-11-26,25.90684931506849,1,0,26.333,5.0,0.361,18.333,0.469,9.667,0.772,41.467
2010-11-27,25.90958904109589,0,0,23.333,5.333,0.261,15.667,0.421,11.333,0.767,40.956
2010-11-29,25.915068493150685,1,1,22.667,4.0,0.178,17.333,0.365,11.333,0.812,39.122
2010-12-01,25.92054794520548,1,0,24.333,3.333,0.4,17.333,0.384,12.333,0.834,38.272
2010-12-02,25.923287671232877,0,1,23.667,2.0,0.667,17.333,0.451,9.333,0.728,35.161
2010-12-04,25.92876712328767,1,0,28.667,3.0,0.762,19.333,0.563,7.333,0.662,33.15
2010-12-06,25.934246575342467,0,0,26.0,3.0,0.762,17.0,0.529,8.0,0.671,32.861
2010-12-08,25.93972602739726,0,1,25.667,3.667,0.54,17.333,0.498,8.667,0.671,35.344
2010-12-10,25.945205479452056,0,1,24.0,3.0,0.644,15.667,0.498,8.0,0.734,38.478
2010-12-11,25.947945205479453,0,1,25.0,4.0,0.561,18.0,0.531,4.667,0.675,36.278
2010-12-13,25.95342465753425,1,0,27.667,4.0,0.672,19.0,0.561,5.0,0.708,35.111
2010-12-15,25.95890410958904,1,0,23.333,3.333,0.472,17.667,0.486,6.0,0.689,35.4
2010-12-17,25.964383561643835,0,1,22.0,3.333,0.222,16.667,0.411,11.0,0.67,38.0
2010-12-18,25.96712328767123,0,1,24.333,4.333,0.167,18.0,0.439,10.333,0.581,39.011
2010-12-20,25.972602739726028,1,0,28.333,5.667,0.31,19.0,0.472,11.0,0.62,39.083
2010-12-23,25.980821917808218,0,1,27.667,5.667,0.476,19.667,0.479,7.333,0.655,38.272
2010-12-25,25.986301369863018,0,1,29.0,5.333,0.443,19.333,0.473,9.0,0.877,37.994
2010-12-28,25.994520547945207,1,0,27.333,5.0,0.578,17.667,0.505,7.0,0.905,37.217
2010-12-29,25.997260273972604,0,0,27.0,4.333,0.578,17.667,0.544,5.667,0.778,38.661
2011-01-01,26.005479452054793,1,1,21.667,4.0,0.444,15.333,0.525,4.333,0.778,39.25
2011-01-03,26.01095890410959,0,1,21.0,3.0,0.167,15.667,0.49,8.0,0.66,40.361
2011-01-04,26.013698630136982,1,1,27.667,3.667,0.167,18.667,0.526,9.0,0.882,39.078
2011-01-07,26.02191780821918,0,1,29.333,2.333,0.167,18.667,0.526,11.333,0.822,38.222
2011-01-09,26.027397260273972,0,1,29.667,2.667,0.25,21.333,0.486,9.333,0.879,39.472
2011-01-12,26.035616438356165,0,1,31.667,3.0,0.283,21.333,0.512,10.667,0.779,42.678
2011-01-18,26.052054794520547,1,1,32.333,5.0,0.45,24.333,0.487,8.667,0.639,43.728
2011-01-22,26.063013698630137,1,1,35.0,7.0,0.433,26.667,0.493,8.667,0.67,43.4
2011-01-27,26.076712328767123,0,0,33.0,6.333,0.344,27.667,0.436,10.0,0.651,40.672
2011-01-28,26.07945205479452,1,1,32.0,5.0,0.178,27.667,0.381,12.333,0.795,41.606
2011-01-30,26.084931506849315,0,0,33.667,3.0,0.278,26.0,0.458,12.0,0.725,41.617
2011-01-31,26.087671232876712,1,0,28.667,3.667,0.3,21.0,0.464,11.0,0.723,42.356
2011-02-03,26.095890410958905,0,1,28.667,3.0,0.3,17.667,0.533,10.667,0.748,38.633
2011-02-04,26.0986301369863,0,0,32.667,3.333,0.333,17.667,0.56,13.0,0.79,38.078
2011-02-06,26.104109589041094,1,0,31.333,2.667,0.2,17.333,0.573,11.333,0.855,36.889
2011-02-08,26.10958904109589,1,1,27.333,3.333,0.2,17.667,0.539,8.333,0.552,38.306
2011-02-11,26.117808219178084,0,0,24.0,3.333,0.133,17.0,0.53,7.0,0.508,38.0
2011-02-13,26.123287671232877,0,0,23.0,3.0,0.133,18.333,0.488,6.0,0.453,37.356
2011-02-15,26.12876712328767,0,1,26.333,3.0,0.133,20.333,0.513,6.333,0.675,39.972
2011-02-16,26.13150684931507,0,0,21.667,2.333,0.111,19.333,0.479,4.0,0.667,39.7
2011-02-22,26.147945205479452,1,1,24.0,2.333,0.111,19.667,0.49,6.333,0.678,40.672
2011-02-24,26.153424657534245,0,1,27.0,3.667,0.278,21.333,0.511,6.333,0.456,36.317
2011-02-25,26.156164383561645,1,1,27.667,4.0,0.167,21.667,0.518,6.333,0.511,36.489
2011-02-27,26.16164383561644,1,1,28.333,3.667,0.167,19.333,0.521,9.333,0.541,38.2
2011-03-03,26.172602739726027,1,1,27.0,3.333,0.067,17.333,0.509,11.0,0.791,41.111
2011-03-04,26.175342465753424,0,1,27.0,2.667,0.067,15.667,0.548,11.333,0.846,40.611
2011-03-06,26.18082191780822,1,1,27.333,3.333,0.178,18.333,0.589,7.333,0.726,38.4
2011-03-08,26.186301369863013,1,1,27.0,2.333,0.278,17.667,0.608,6.667,0.754,39.3
2011-03-10,26.19178082191781,1,0,27.667,3.0,0.444,19.0,0.612,5.667,0.504,41.167
2011-03-12,26.197260273972603,1,1,25.333,3.0,0.333,18.333,0.556,5.667,0.599,43.211
2011-03-14,26.202739726027396,1,0,25.667,3.667,0.333,17.667,0.579,5.667,0.599,39.906
2011-03-16,26.208219178082192,1,0,22.333,2.667,0.167,17.333,0.486,6.0,0.849,38.567
2011-03-18,26.213698630136985,0,1,22.333,2.667,0.167,18.667,0.476,4.667,0.944,37.644
2011-03-19,26.216438356164385,1,1,27.667,3.667,0.238,20.333,0.521,5.0,0.952,37.306
2011-03-23,26.22739726027397,0,0,31.667,4.667,0.321,22.333,0.581,4.0,0.952,37.022
2011-03-25,26.232876712328768,1,1,31.667,4.667,0.321,20.667,0.621,4.333,0.869,37.883
2011-03-27,26.23835616438356,1,1,28.0,3.667,0.167,19.333,0.582,5.0,0.917,41.256
2011-03-29,26.243835616438357,0,1,28.0,2.667,0.083,18.0,0.589,7.333,0.843,41.183
2011-03-30,26.246575342465754,0,1,30.667,3.333,0.15,19.667,0.581,9.333,0.793,41.583
2011-04-01,26.252054794520543,0,1,31.667,3.0,0.178,19.333,0.615,10.667,0.716,42.517
2011-04-03,26.257534246575343,0,1,29.667,3.0,0.178,19.0,0.592,10.0,0.694,43.328
2011-04-06,26.265753424657536,1,1,31.0,2.0,0.111,18.0,0.674,9.333,0.703,41.872
2011-04-08,26.27123287671233,1,0,29.0,3.333,0.143,20.0,0.576,7.667,0.696,40.406
2011-04-10,26.27671232876712,1,1,27.667,3.333,0.143,18.667,0.58,7.333,0.736,38.572
2011-04-11,26.27945205479452,0,1,26.333,3.333,0.143,19.0,0.532,7.667,0.713,37.994
2011-12-25,26.986301369863018,0,1,28.0,2.333,0.167,18.667,0.539,9.667,0.749,39.072
2011-12-27,26.991780821917807,1,1,32.667,2.0,0.167,19.667,0.545,14.0,0.734,38.7
2011-12-28,26.994520547945207,0,1,32.333,1.333,0.167,18.0,0.566,14.0,0.845,38.306
2011-12-30,27.0,0,1,32.667,0.0,0.0,18.667,0.596,12.333,0.893,37.028
2012-01-01,27.005479452054793,1,0,31.667,0.333,0.0,21.0,0.608,7.333,0.796,37.344
2012-01-02,27.008219178082193,1,1,28.333,0.333,0.0,19.667,0.593,6.333,0.722,34.689
2012-01-04,27.013698630136982,1,1,26.0,0.333,0.0,18.0,0.609,6.333,0.611,34.6
2012-01-07,27.02191780821918,0,1,25.667,0.0,0.0,16.333,0.594,8.667,0.717,34.756
2012-01-10,27.03013698630137,0,1,31.0,0.333,0.0,18.667,0.61,10.667,0.773,37.872
2012-01-11,27.03287671232877,0,0,30.333,1.0,0.0,19.0,0.581,10.333,0.8,39.206
2012-01-13,27.03835616438356,0,1,27.0,1.333,0.0,18.333,0.514,12.333,0.704,40.606
2012-01-17,27.04931506849315,1,1,28.0,2.667,0.2,19.333,0.515,12.0,0.608,40.539
2012-01-19,27.054794520547944,1,1,30.333,4.0,0.422,20.0,0.53,12.333,0.543,37.983
2012-01-21,27.06027397260274,1,1,33.0,4.667,0.645,22.667,0.555,9.0,0.605,36.428
2012-01-22,27.063013698630137,1,1,30.667,3.0,0.445,21.667,0.574,6.667,0.757,35.961
2012-01-24,27.068493150684933,1,0,29.0,1.333,0.222,20.667,0.531,8.0,0.879,36.789
2012-01-25,27.07123287671233,0,1,24.667,1.667,0.083,18.667,0.51,7.0,0.724,36.983
2012-01-27,27.076712328767123,1,1,26.0,2.667,0.194,19.667,0.425,10.333,0.701,38.939
2012-01-29,27.08219178082192,1,1,27.0,3.0,0.194,19.667,0.481,9.333,0.693,39.911
2012-01-30,27.084931506849315,1,0,32.667,2.0,0.444,20.333,0.528,13.0,0.832,40.967
2012-02-01,27.09041095890411,0,1,29.333,1.667,0.5,17.667,0.6,10.667,0.76,36.994
2012-02-03,27.095890410958905,0,0,32.333,3.333,0.69,19.667,0.591,10.667,0.727,36.994
2012-02-05,27.101369863013694,1,1,27.0,3.333,0.357,17.333,0.583,7.667,0.671,35.744
2012-02-07,27.106849315068494,1,0,29.667,3.0,0.19,19.0,0.557,9.333,0.711,38.661
2012-02-08,27.10958904109589,0,0,24.333,1.0,0.0,16.333,0.55,8.333,0.73,38.122
2012-02-10,27.115068493150684,0,0,23.667,1.333,0.0,16.0,0.495,9.667,0.797,38.8
2012-02-12,27.12054794520548,0,0,19.667,1.667,0.0,15.0,0.442,8.0,0.805,37.067
2012-02-13,27.123287671232877,0,1,19.333,2.333,0.111,14.667,0.387,9.667,0.797,34.322
2012-02-14,27.126027397260273,0,0,25.333,1.667,0.111,16.667,0.53,7.333,0.897,32.206
2012-02-17,27.134246575342463,0,1,27.0,2.667,0.244,17.0,0.543,7.667,0.903,32.244
2012-02-19,27.13972602739726,1,1,28.667,3.333,0.333,18.333,0.603,4.667,0.958,32.144
2012-02-21,27.145205479452056,1,0,25.333,4.0,0.5,16.0,0.563,6.0,0.911,33.389
2012-02-23,27.15068493150685,1,0,23.667,3.0,0.7,14.667,0.619,4.0,0.952,33.328
2012-03-01,27.16986301369863,0,1,21.0,1.333,0.5,13.667,0.572,5.0,0.952,36.844
2012-03-02,27.172602739726027,0,1,25.333,1.333,0.667,16.333,0.555,6.667,0.944,38.311
2012-03-04,27.17808219178082,0,1,31.0,2.0,0.417,20.667,0.565,7.0,0.833,42.039
2012-03-06,27.183561643835617,1,0,32.667,3.333,0.417,24.0,0.573,6.0,0.611,42.822
2012-03-07,27.186301369863013,1,1,27.0,3.0,0.417,20.333,0.649,2.667,0.667,39.011
2012-03-10,27.194520547945206,1,1,25.667,2.667,0.333,19.0,0.627,5.0,0.678,38.1
2012-03-13,27.202739726027396,0,0,26.333,2.333,0.556,16.667,0.613,9.0,0.767,39.456
2012-03-14,27.205479452054796,0,1,25.667,3.333,0.389,19.667,0.457,9.333,0.767,43.728
2012-03-16,27.21095890410959,0,1,27.0,3.333,0.611,21.333,0.444,7.667,0.867,43.05
2012-03-18,27.216438356164385,1,0,27.667,3.0,0.389,21.667,0.503,5.333,0.875,40.1
2012-03-20,27.221917808219175,1,0,26.0,2.0,0.222,19.667,0.482,7.0,0.792,38.95
2012-03-23,27.23013698630137,0,0,21.0,2.0,0.0,17.333,0.443,7.333,0.681,38.372
2012-03-25,27.235616438356164,0,0,17.0,2.333,0.0,15.667,0.377,6.333,0.806,38.1
2012-03-26,27.23835616438356,0,0,18.0,3.0,0.0,17.0,0.429,4.0,0.889,38.311
2012-03-29,27.246575342465754,1,0,19.333,3.333,0.167,18.0,0.424,4.0,0.889,39.283
2012-03-30,27.24931506849315,0,1,20.0,3.0,0.167,18.333,0.458,3.333,0.889,38.878
2012-04-01,27.254794520547943,0,0,23.0,2.667,0.167,18.333,0.513,5.0,0.778,38.517
2012-04-03,27.26027397260274,1,1,22.667,1.333,0.0,18.0,0.554,3.667,0.722,36.45
2012-04-04,27.263013698630136,1,1,30.0,1.333,0.167,21.0,0.587,7.0,0.645,37.067
2012-04-06,27.268493150684932,1,0,32.667,3.0,0.31,21.667,0.55,9.333,0.705,38.061
2012-04-08,27.273972602739725,1,1,32.0,5.0,0.421,21.333,0.507,10.0,0.788,39.067
2012-04-10,27.27945205479452,1,1,27.0,5.333,0.365,20.333,0.489,7.333,0.599,37.128
2012-04-12,27.284931506849315,0,1,27.667,4.0,0.333,21.333,0.481,7.667,0.626,36.911
2012-04-13,27.28767123287671,1,0,30.667,4.0,0.389,23.0,0.494,8.667,0.614,40.133
2012-04-15,27.293150684931508,0,1,28.333,3.333,0.278,21.0,0.458,9.333,0.786,38.961
2012-04-16,27.295890410958904,0,1,26.0,4.333,0.222,21.333,0.451,7.667,0.698,38.761
2012-04-18,27.301369863013697,1,1,28.333,3.0,0.222,19.667,0.492,10.333,0.771,34.728
2012-04-19,27.304109589041097,1,1,31.333,3.0,0.556,19.333,0.612,9.333,0.783,35.217
2012-04-22,27.312328767123287,1,1,30.667,1.667,0.667,17.333,0.608,10.333,0.839,33.578
2012-10-30,27.83561643835617,1,1,29.0,2.0,0.611,18.0,0.589,8.667,0.828,33.8
2012-11-02,27.843835616438355,0,0,28.333,3.0,0.444,18.333,0.531,9.0,0.844,33.356
2012-11-03,27.846575342465755,1,0,27.0,3.333,0.5,17.667,0.55,7.0,0.844,33.806
2012-11-05,27.852054794520548,1,0,23.0,2.667,0.389,16.333,0.532,5.0,0.878,34.917
2012-11-07,27.85753424657534,1,0,22.0,2.333,0.445,16.667,0.52,4.333,0.722,35.356
2012-11-09,27.863013698630137,0,0,21.0,2.333,0.445,15.333,0.547,3.667,0.778,33.122
2012-11-11,27.86849315068493,0,0,21.333,2.667,0.445,15.333,0.586,3.333,0.555,31.944
2012-11-12,27.87123287671233,0,1,20.333,2.0,0.222,16.0,0.566,3.667,0.444,33.789
2012-11-14,27.876712328767123,0,1,26.333,3.667,0.208,20.667,0.551,5.0,0.319,37.1
2012-11-15,27.87945205479452,0,1,29.333,4.0,0.208,22.667,0.529,7.0,0.431,38.95
2012-11-17,27.884931506849316,0,0,31.667,4.0,0.208,24.0,0.513,7.667,0.708,41.028
2012-11-21,27.895890410958906,1,1,26.0,2.333,0.111,22.0,0.467,7.333,0.69,41.294
2012-11-24,27.904109589041095,1,1,25.333,2.667,0.278,21.333,0.467,7.0,0.635,41.733
2012-11-29,27.91780821917808,1,0,26.333,4.0,0.411,19.0,0.516,8.0,0.653,41.072
2012-12-01,27.923287671232877,1,0,27.0,4.667,0.433,17.667,0.571,7.667,0.63,40.533
2012-12-04,27.931506849315067,0,1,24.667,4.0,0.433,15.667,0.574,7.0,0.685,38.672
2012-12-06,27.936986301369863,1,1,23.333,3.667,0.383,18.333,0.532,5.0,0.5,39.644
2012-12-08,27.942465753424656,1,0,26.0,3.667,0.45,19.667,0.528,6.0,0.556,39.472
2012-12-10,27.947945205479453,1,1,27.0,3.0,0.283,20.0,0.579,5.0,0.556,39.128
2012-12-12,27.95342465753425,1,1,27.333,2.333,0.367,17.333,0.621,6.333,0.73,38.283
2012-12-15,27.96164383561644,1,0,27.333,2.0,0.333,18.333,0.612,5.0,0.841,39.539
2012-12-18,27.96986301369863,1,0,27.0,3.0,0.333,18.0,0.56,7.667,0.831,37.75
2012-12-20,27.975342465753425,0,0,25.333,4.0,0.3,18.667,0.5,7.0,0.812,38.294
2012-12-22,27.980821917808218,1,1,23.0,4.333,0.333,15.333,0.556,6.667,0.729,34.483
2012-12-25,27.98904109589041,1,1,25.333,3.667,0.667,17.0,0.562,6.333,0.75,36.8
2012-12-26,27.991780821917807,0,1,27.667,3.0,0.533,17.667,0.614,6.333,0.817,36.761
2012-12-28,27.997260273972604,0,1,28.667,2.667,0.5,19.667,0.541,7.667,0.858,39.317
2012-12-29,28.0,0,1,30.333,3.667,0.333,20.333,0.585,5.667,0.875,41.589
2012-12-31,28.002739726027396,0,1,29.333,3.333,0.5,20.333,0.569,5.667,0.742,39.794
2013-01-02,28.008219178082193,1,1,32.333,4.0,0.389,21.333,0.562,8.333,0.763,42.894
2013-01-04,28.013698630136982,1,1,31.333,3.667,0.333,20.667,0.518,10.667,0.785,42.128
2013-01-06,28.019178082191782,1,0,32.667,4.667,0.233,18.667,0.525,14.333,0.856,43.661
2013-01-08,28.024657534246575,0,0,28.667,3.667,0.4,17.0,0.55,10.333,0.877,39.35
2013-01-10,28.03013698630137,0,0,25.333,3.0,0.622,17.0,0.533,8.0,0.688,39.544
2013-01-12,28.035616438356165,0,0,20.333,3.0,0.622,17.667,0.468,4.333,0.55,40.067
2013-01-14,28.04109589041096,0,1,19.0,2.333,0.4,15.333,0.525,5.333,0.502,38.128
2013-01-16,28.04657534246575,0,1,22.333,3.333,0.233,15.0,0.586,5.333,0.752,38.489
2013-01-17,28.04931506849315,0,1,25.667,3.333,0.233,16.333,0.645,4.667,0.841,34.45
2013-01-23,28.065753424657533,1,1,32.0,3.667,0.4,21.333,0.638,3.667,0.889,38.761
2013-01-25,28.07123287671233,1,0,31.667,4.0,0.3,22.667,0.584,4.667,0.841,39.144
2013-01-27,28.076712328767123,0,1,31.0,2.667,0.233,20.667,0.615,5.667,0.897,39.972
2013-01-30,28.084931506849315,0,0,29.333,4.0,0.233,22.667,0.539,6.0,0.763,43.261
2013-02-01,28.09041095890411,0,1,27.0,3.667,0.417,21.0,0.55,5.0,0.561,39.744
2013-02-03,28.095890410958905,0,1,28.667,4.333,0.528,22.0,0.512,6.667,0.556,42.728
2013-02-04,28.0986301369863,1,1,27.333,3.0,0.528,17.0,0.57,8.667,0.629,38.661
2013-02-06,28.104109589041094,1,1,29.667,1.667,0.278,15.667,0.694,9.333,0.823,39.9
2013-02-08,28.10958904109589,1,1,31.0,2.667,0.333,16.0,0.722,9.0,0.784,38.117
2013-02-10,28.115068493150684,1,1,31.0,3.667,0.433,14.333,0.786,9.0,0.753,35.2
2013-02-12,28.12054794520548,1,1,31.333,4.333,0.6,15.667,0.699,9.667,0.767,34.617
2013-02-14,28.126027397260273,0,1,30.667,3.333,0.544,14.667,0.739,9.0,0.826,35.328
2013-02-20,28.14246575342466,0,0,33.667,4.333,0.444,19.0,0.661,8.333,0.843,38.344
2013-02-21,28.145205479452056,0,1,31.0,5.0,0.361,18.0,0.616,8.333,0.843,39.433
2013-02-23,28.15068493150685,0,0,29.667,5.333,0.333,18.0,0.616,6.667,0.884,38.011
2013-02-24,28.153424657534245,1,1,22.0,4.0,0.25,14.0,0.616,4.333,0.792,35.167
2013-02-26,28.15890410958904,1,1,23.333,3.0,0.167,15.333,0.614,5.333,0.742,34.944
2013-03-01,28.167123287671235,1,0,28.0,2.333,0.25,18.0,0.573,8.333,0.715,39.367
2013-03-03,28.172602739726027,0,1,28.667,2.333,0.333,18.667,0.474,11.667,0.77,42.9
2013-03-04,28.175342465753424,0,0,29.0,4.0,0.444,20.0,0.472,10.0,0.695,44.228
2013-03-06,28.18082191780822,1,1,22.333,4.667,0.361,17.667,0.457,6.333,0.722,39.939
2013-03-08,28.186301369863013,1,1,25.0,5.333,0.25,17.667,0.528,6.333,0.806,38.644
2013-03-10,28.19178082191781,1,0,23.667,4.333,0.361,15.667,0.55,6.0,0.839,35.778
2013-03-12,28.197260273972603,1,0,21.333,3.0,0.278,13.667,0.529,7.333,0.706,36.267
2013-03-13,28.2,0,1,17.667,1.667,0.222,12.667,0.454,7.333,0.65,33.567
2013-03-15,28.205479452054796,0,1,18.333,2.0,0.083,13.333,0.398,9.667,0.728,34.567
2013-03-17,28.21095890410959,0,0,23.333,2.667,0.083,18.0,0.398,9.667,0.794,35.194
2013-03-18,28.213698630136985,0,1,25.667,4.0,0.194,18.333,0.474,9.333,0.787,36.433
2013-03-20,28.21917808219178,0,1,29.0,4.0,0.194,21.667,0.517,7.333,0.731,38.106
2013-03-22,28.224657534246575,1,1,28.0,5.667,0.337,21.0,0.472,8.333,0.715,39.467
2013-03-24,28.23013698630137,1,1,30.333,4.0,0.56,22.0,0.572,6.667,0.695,41.483
2013-03-25,28.232876712328768,0,0,28.667,3.0,0.476,17.0,0.65,8.333,0.775,38.789
2013-03-27,28.23835616438356,0,1,28.333,0.667,0.333,15.0,0.716,9.0,0.725,37.6
2013-03-29,28.243835616438357,0,1,29.333,2.0,0.133,15.667,0.665,10.667,0.745,37.617
2013-04-06,28.265753424657536,1,1,30.667,5.0,0.367,17.667,0.62,8.667,0.642,36.967
2013-04-09,28.273972602739725,1,1,31.667,5.667,0.533,18.0,0.668,6.0,0.776,33.95
2013-04-12,28.28219178082192,1,0,30.333,4.333,0.4,17.667,0.681,4.333,0.867,30.661
2013-04-14,28.28767123287671,1,0,25.0,1.0,0.167,14.333,0.731,4.0,1.0,29.539
2013-10-29,28.83013698630137,1,0,24.0,0.667,0.333,12.667,0.69,7.333,0.917,31.256
2013-10-30,28.832876712328765,0,1,20.333,0.667,0.333,11.0,0.613,8.333,0.843,33.906
2013-11-01,28.83835616438356,0,1,22.0,3.0,0.524,13.333,0.522,8.333,0.759,36.5
2013-11-03,28.843835616438355,1,1,22.667,3.333,0.357,15.667,0.521,6.0,0.709,38.961
2013-11-05,28.84931506849315,0,1,25.333,4.667,0.557,16.667,0.584,4.667,0.717,37.85
2013-11-07,28.854794520547944,1,0,28.667,3.333,0.478,17.667,0.624,6.0,0.8,37.644
2013-11-09,28.86027397260274,1,1,26.0,3.667,0.422,15.667,0.585,7.333,0.785,35.95
2013-11-12,28.86849315068493,1,1,26.0,2.0,0.222,15.333,0.601,8.667,0.778,36.567
2013-11-15,28.876712328767123,1,1,25.333,3.333,0.301,15.667,0.591,8.0,0.611,34.55
2013-11-16,28.87945205479452,0,1,32.333,2.667,0.524,17.333,0.696,8.667,0.729,34.489
2013-11-19,28.887671232876713,1,0,34.0,2.667,0.524,19.0,0.706,7.0,0.803,32.95
2013-11-20,28.89041095890411,0,0,27.333,0.333,0.333,16.333,0.654,6.0,0.747,33.194
2013-11-23,28.898630136986306,1,0,21.333,0.667,0.0,14.0,0.546,6.0,0.778,30.567
2013-11-25,28.904109589041095,1,1,18.667,2.667,0.167,12.333,0.485,7.0,0.682,32.456
2013-11-27,28.90958904109589,0,1,26.0,4.0,0.333,12.667,0.593,9.667,0.905,33.339
2013-11-29,28.915068493150685,0,1,28.333,4.333,0.444,15.333,0.599,9.667,0.844,36.011
2013-12-01,28.92054794520548,1,1,30.0,4.0,0.478,16.667,0.616,9.333,0.828,35.633
2013-12-03,28.92602739726027,1,0,27.0,3.667,0.422,16.333,0.559,9.0,0.795,37.272
2013-12-05,28.931506849315067,0,0,25.333,4.333,0.444,15.0,0.579,8.0,0.731,37.228
2013-12-07,28.936986301369863,0,0,23.333,4.0,0.328,15.0,0.52,8.667,0.758,36.178
2013-12-08,28.93972602739726,0,0,21.667,3.0,0.217,14.667,0.565,7.0,0.658,33.611
2013-12-10,28.945205479452056,0,0,22.0,2.0,0.083,14.667,0.61,6.0,0.717,32.961
2013-12-14,28.95616438356164,1,1,20.667,2.0,0.083,14.333,0.597,5.333,0.689,34.706
2013-12-16,28.96164383561644,1,1,22.0,2.667,0.083,14.333,0.597,7.0,0.722,38.056
2013-12-18,28.96712328767123,1,0,24.0,2.333,0.083,15.0,0.63,7.0,0.722,37.656
2013-12-20,28.972602739726028,1,0,26.333,2.0,0.111,14.333,0.695,7.333,0.833,36.889
2013-12-23,28.980821917808218,1,1,24.0,2.0,0.278,14.0,0.688,4.667,0.767,33.572
2013-12-25,28.986301369863018,0,0,26.667,4.667,0.426,17.667,0.623,5.0,0.611,37.511
2013-12-27,28.991780821917807,0,1,25.0,5.0,0.315,17.667,0.599,5.667,0.463,37.367
2013-12-30,29.0,0,1,30.0,7.333,0.296,21.667,0.531,7.0,0.574,41.717
2014-01-02,29.008219178082193,1,1,26.0,7.333,0.333,17.333,0.518,7.667,0.671,39.75
2014-01-04,29.013698630136982,0,0,28.333,7.333,0.417,18.0,0.56,7.333,0.694,41.006
2014-01-05,29.016438356164382,1,1,22.333,4.667,0.269,14.667,0.514,8.0,0.625,38.406
2014-01-07,29.02191780821918,1,1,23.667,1.667,0.083,15.667,0.559,7.667,0.702,37.756
2014-01-09,29.027397260273972,0,1,25.667,2.333,0.167,17.667,0.548,6.0,0.827,36.317
2014-01-10,29.03013698630137,0,1,31.333,3.333,0.25,19.0,0.655,7.0,0.831,38.15
2014-01-15,29.04383561643836,0,1,33.333,5.0,0.383,20.0,0.623,8.667,0.823,42.011
2014-01-17,29.04931506849315,0,0,31.0,4.333,0.217,18.667,0.574,11.0,0.79,43.95
2014-01-18,29.052054794520547,0,1,27.333,3.333,0.133,17.333,0.518,10.0,0.869,42.317
2014-01-20,29.057534246575344,0,1,26.667,2.667,0.0,18.667,0.501,9.333,0.858,40.817
2014-01-21,29.06027397260274,1,1,28.333,3.667,0.143,19.667,0.527,8.667,0.767,40.033
2014-01-23,29.065753424657533,1,1,31.0,4.667,0.143,21.667,0.523,9.667,0.748,40.794
2014-01-26,29.07397260273973,1,0,28.667,5.0,0.31,18.333,0.55,10.667,0.66,38.272
2014-01-29,29.08219178082192,1,1,24.667,3.667,0.278,16.333,0.553,8.333,0.785,34.606
2014-02-01,29.09041095890411,0,1,26.333,4.0,0.344,16.667,0.578,7.667,0.846,35.728
2014-02-03,29.095890410958905,1,0,27.333,3.667,0.289,19.0,0.575,5.333,0.833,36.328
2014-02-05,29.101369863013694,0,1,29.333,3.667,0.178,20.333,0.555,7.667,0.75,39.861
2014-02-08,29.10958904109589,0,0,28.333,4.333,0.254,20.333,0.538,7.333,0.667,39.4
2014-02-11,29.117808219178084,0,1,22.667,5.333,0.199,17.333,0.444,7.333,0.722,39.483
2014-02-12,29.12054794520548,0,1,27.0,6.0,0.332,18.333,0.468,9.333,0.734,40.372
2014-02-18,29.136986301369863,0,1,28.667,6.333,0.356,20.333,0.464,9.0,0.675,40.867
2014-02-20,29.14246575342466,0,1,38.333,7.0,0.467,23.667,0.593,9.667,0.702,40.572
2014-02-27,29.16164383561644,1,1,37.0,7.0,0.4,23.667,0.639,6.667,0.574,38.044
2014-03-01,29.167123287671235,1,0,35.333,5.0,0.4,21.333,0.687,6.333,0.606,36.167
2014-03-03,29.172602739726027,1,1,28.0,3.0,0.233,17.667,0.678,5.333,0.622,33.75
2014-03-04,29.175342465753424,0,0,37.333,4.667,0.433,21.333,0.673,7.667,0.739,36.35
2014-03-06,29.18082191780822,0,0,34.333,5.0,0.267,21.0,0.611,7.667,0.739,36.35
2014-03-09,29.18904109589041,0,0,34.0,5.333,0.267,23.0,0.5,9.0,0.732,38.633
2014-03-10,29.19178082191781,1,0,19.333,3.0,0.111,19.667,0.394,5.0,0.482,40.006
2014-03-12,29.197260273972603,1,0,19.667,3.333,0.361,18.667,0.449,3.0,0.259,40.044
2014-03-14,29.202739726027396,1,0,19.667,3.667,0.444,17.0,0.492,3.0,0.222,40.039
2014-03-16,29.208219178082192,1,0,21.0,4.0,0.333,15.0,0.533,5.333,0.46,38.211
2014-03-18,29.213698630136985,0,1,21.333,3.667,0.194,15.667,0.468,8.0,0.752,40.25
2014-03-21,29.221917808219175,1,0,29.333,5.0,0.361,17.667,0.56,9.333,0.76,41.456
2014-03-22,29.224657534246575,0,1,27.333,4.333,0.361,16.667,0.569,7.667,0.689,40.85
2014-03-24,29.23013698630137,1,1,27.667,4.667,0.417,17.0,0.598,6.0,0.731,40.556
2014-03-26,29.235616438356164,0,1,24.0,2.333,0.167,18.333,0.54,4.667,0.722,39.456
2014-03-28,29.24109589041096,0,0,31.667,3.667,0.278,20.0,0.567,9.0,0.867,41.25
2014-03-29,29.243835616438357,0,0,29.0,3.333,0.222,18.333,0.561,8.667,0.867,37.178
2014-03-31,29.24931506849315,1,1,22.667,4.0,0.333,14.0,0.539,7.0,0.811,34.406
2014-04-02,29.254794520547943,1,0,20.667,4.0,0.278,14.333,0.529,5.667,0.773,32.9
2014-04-04,29.26027397260274,1,1,20.667,4.0,0.278,14.0,0.544,6.667,0.573,32.761
2014-04-06,29.265753424657536,1,1,27.667,4.333,0.333,18.667,0.544,8.667,0.673,38.728
2014-04-08,29.27123287671233,1,1,29.667,4.667,0.421,19.333,0.558,9.0,0.65,40.028
2014-04-09,29.273972602739725,0,1,33.667,4.667,0.31,20.667,0.551,12.0,0.779,42.622
2014-04-11,29.27945205479452,1,1,34.667,5.0,0.343,20.333,0.588,11.0,0.798,40.428
2014-04-12,29.28219178082192,0,1,34.0,4.0,0.367,19.667,0.574,11.333,0.855,37.789
2014-10-30,29.832876712328765,1,0,33.333,5.333,0.51,21.667,0.538,9.333,0.76,37.861
2014-10-31,29.83561643835617,0,1,26.667,5.333,0.376,19.0,0.446,9.333,0.76,38.483
2014-11-04,29.846575342465755,0,0,26.667,5.0,0.321,22.333,0.418,8.0,0.712,40.75
2014-11-05,29.84931506849315,0,1,21.333,4.0,0.344,19.0,0.378,5.667,0.878,39.944
2014-11-07,29.854794520547944,0,0,26.0,4.0,0.478,20.0,0.415,7.333,0.926,39.544
2014-11-10,29.863013698630137,1,1,21.333,4.667,0.433,16.0,0.407,6.333,0.944,38.867
2014-11-14,29.873972602739727,0,1,28.333,4.333,0.378,17.667,0.472,11.667,0.866,40.7
2014-11-15,29.876712328767123,1,1,31.667,5.333,0.303,20.667,0.522,10.667,0.755,40.306
2014-11-17,29.882191780821916,1,0,35.0,5.333,0.503,21.333,0.591,10.0,0.644,36.728
2014-11-19,29.887671232876713,1,0,31.667,5.667,0.475,21.667,0.562,6.667,0.627,36.772
2014-11-21,29.893150684931506,0,0,23.0,4.0,0.572,18.333,0.482,4.0,0.738,34.522
2014-11-22,29.895890410958906,1,0,19.667,4.667,0.401,18.667,0.393,5.0,0.762,37.9
2014-11-24,29.9013698630137,1,1,17.333,4.667,0.401,16.667,0.411,3.667,0.746,36.806
2014-11-26,29.90684931506849,1,1,22.0,5.0,0.345,16.667,0.47,7.0,0.685,35.772
2014-11-29,29.915068493150685,1,0,24.333,4.333,0.317,14.333,0.51,10.333,0.77,34.789
2014-12-02,29.923287671232877,1,1,25.667,3.333,0.233,16.333,0.51,10.0,0.714,32.939
2014-12-04,29.92876712328767,0,0,24.667,3.333,0.067,15.667,0.467,13.333,0.664,36.3
2014-12-05,29.931506849315067,0,0,21.333,3.667,0.056,16.667,0.437,10.0,0.579,37.444
2014-12-08,29.93972602739726,0,0,23.0,4.667,0.222,16.667,0.437,11.333,0.635,41.017
2014-12-09,29.942465753424656,1,1,20.333,4.333,0.333,17.333,0.461,5.0,0.579,38.622
2014-12-12,29.95068493150685,0,1,25.667,4.0,0.411,18.667,0.514,5.667,0.722,39.411
2014-12-15,29.95890410958904,1,1,31.333,3.333,0.578,20.667,0.583,6.333,0.708,37.8
2014-12-17,29.964383561643835,1,0,34.333,3.333,0.689,21.333,0.619,7.0,0.792,39.933
2014-12-19,29.96986301369863,1,0,29.667,2.333,0.556,19.667,0.596,6.333,0.696,35.65
2014-12-21,29.975342465753425,1,1,23.333,3.0,0.389,17.667,0.489,6.333,0.738,36.422
2014-12-23,29.980821917808218,1,0,22.667,3.667,0.367,16.333,0.496,7.0,0.71,35.506
2014-12-25,29.986301369863018,0,1,23.667,5.333,0.557,16.333,0.496,6.333,0.739,37.372
2014-12-26,29.98904109589041,0,1,26.333,6.667,0.474,15.667,0.554,9.667,0.674,37.406
2014-12-28,29.994520547945207,1,0,27.667,6.667,0.274,17.333,0.521,11.333,0.725,37.2
2015-01-13,30.03835616438356,0,1,25.333,6.333,0.194,18.333,0.442,11.333,0.791,36.272
2015-01-15,30.04383561643836,0,1,26.333,6.333,0.236,19.0,0.458,9.667,0.811,35.156
2015-01-16,30.04657534246575,0,1,28.667,7.667,0.384,20.0,0.465,10.333,0.743,35.522
2015-01-19,30.054794520547944,1,1,33.667,8.333,0.398,21.333,0.537,12.667,0.604,39.067
2015-01-21,30.06027397260274,1,1,31.333,6.667,0.273,23.0,0.507,9.333,0.622,38.928
2015-01-23,30.065753424657533,1,1,28.0,4.333,0.125,20.667,0.5,9.667,0.655,38.167
2015-01-25,30.07123287671233,1,1,25.667,3.0,0.167,18.0,0.541,7.667,0.738,32.878
2015-01-27,30.076712328767123,0,1,28.333,4.0,0.278,18.667,0.513,11.0,0.772,33.65
2015-01-30,30.084931506849315,1,0,30.333,4.667,0.278,21.333,0.499,10.0,0.837,33.711
2015-01-31,30.087671232876712,0,1,28.333,4.667,0.194,21.667,0.445,10.0,0.782,35.861
2015-02-02,30.09315068493151,1,0,29.0,5.333,0.208,21.667,0.485,8.333,0.734,36.25
2015-02-05,30.101369863013694,1,0,24.333,5.333,0.292,19.333,0.45,6.667,0.708,36.222
2015-02-06,30.104109589041094,0,1,25.667,4.667,0.375,18.667,0.495,7.0,0.772,34.461
2015-02-08,30.10958904109589,1,0,22.0,3.333,0.25,17.333,0.467,7.0,0.772,34.067
2015-02-11,30.117808219178084,1,0,23.333,4.333,0.262,17.0,0.516,6.667,0.761,32.178
2015-02-12,30.12054794520548,0,1,21.667,5.0,0.095,17.667,0.45,6.667,0.761,33.4
2015-02-20,30.14246575342466,0,1,23.667,6.667,0.169,19.333,0.446,6.0,0.83,31.956
2015-02-22,30.147945205479452,0,0,25.667,6.0,0.274,21.0,0.469,5.333,0.674,30.267
2015-02-24,30.153424657534245,0,0,25.667,6.667,0.33,21.333,0.482,4.667,0.589,29.089
2015-02-26,30.15890410958904,1,1,21.667,5.333,0.322,17.333,0.471,6.0,0.511,30.694
2015-03-01,30.167123287671235,0,1,26.333,6.667,0.27,18.667,0.48,8.667,0.642,34.389
2015-03-03,30.172602739726027,1,1,32.667,8.667,0.326,24.667,0.486,10.667,0.533,39.117
2015-03-04,30.175342465753424,0,1,35.333,7.333,0.259,27.667,0.517,8.333,0.667,34.628
2015-03-06,30.18082191780822,0,0,31.0,6.333,0.278,24.667,0.505,9.0,0.629,35.044
2015-03-07,30.183561643835617,1,0,24.667,3.667,0.25,17.333,0.49,8.0,0.83,34.394
2015-03-10,30.19178082191781,0,1,21.333,5.0,0.383,15.0,0.441,9.0,0.663,38.011
2015-03-12,30.197260273972603,0,1,20.667,5.0,0.439,14.333,0.491,6.333,0.658,35.183
2015-03-15,30.205479452054796,0,0,25.0,5.667,0.522,16.667,0.53,7.0,0.633,36.372
2015-03-16,30.208219178082192,0,1,26.333,5.0,0.389,16.0,0.619,6.333,0.717,35.806
2015-03-18,30.213698630136985,1,0,26.0,5.667,0.333,17.667,0.521,7.333,0.767,37.906
2015-03-20,30.21917808219178,1,1,21.0,5.0,0.333,15.333,0.483,6.0,0.722,34.861
2015-03-22,30.224657534246575,0,1,23.667,6.0,0.444,19.333,0.435,5.333,0.639,36.383
2015-03-25,30.232876712328768,0,0,24.333,4.667,0.361,18.667,0.491,5.0,0.722,37.783
2015-03-27,30.23835616438356,0,0,25.667,5.0,0.394,19.333,0.518,4.333,0.75,36.739
2015-03-29,30.243835616438357,1,0,24.0,4.667,0.417,15.667,0.529,6.333,0.833,36.461
2015-04-02,30.254794520547943,1,0,21.333,4.667,0.417,18.0,0.444,6.0,0.667,35.933
2015-04-05,30.263013698630136,1,0,22.333,3.667,0.383,18.333,0.476,6.333,0.683,37.267
2015-04-08,30.27123287671233,0,0,21.0,3.0,0.361,19.0,0.456,5.667,0.6,36.617
2015-04-10,30.27671232876712,1,0,21.333,3.333,0.411,16.0,0.522,5.0,0.683,37.272
2015-04-13,30.284931506849315,1,0,18.333,4.333,0.244,15.333,0.454,6.333,0.565,34.15
2015-10-27,30.824657534246576,0,1,18.667,4.667,0.383,15.333,0.434,6.333,0.62,32.722
2015-10-28,30.827397260273973,0,0,20.0,4.667,0.317,17.667,0.438,6.0,0.37,31.461
2015-10-30,30.832876712328765,1,1,19.333,4.0,0.317,17.333,0.422,5.667,0.389,33.033
2015-11-02,30.84109589041096,0,0,22.0,3.333,0.067,18.0,0.512,5.333,0.367,33.6
2015-11-04,30.846575342465755,1,0,21.0,2.667,0.0,17.0,0.489,5.667,0.7,32.689
2015-11-06,30.852054794520548,1,1,24.667,3.333,0.067,20.333,0.516,5.333,0.724,34.111
2015-11-08,30.85753424657534,1,1,25.333,4.333,0.267,21.333,0.47,5.667,0.746,34.911
2015-11-10,30.863013698630137,1,1,27.667,4.333,0.267,22.667,0.457,9.0,0.627,35.472
2015-11-13,30.87123287671233,0,1,30.333,3.667,0.311,21.333,0.52,10.667,0.659,36.4
2015-11-14,30.873972602739727,0,1,30.333,2.667,0.111,21.0,0.528,12.0,0.67,37.417
2015-11-17,30.882191780821916,0,1,33.0,5.333,0.263,22.333,0.544,11.333,0.622,40.761
2015-11-19,30.887671232876713,1,1,32.667,6.667,0.342,23.0,0.525,9.0,0.667,41.411
2015-11-21,30.893150684931506,1,0,31.333,6.333,0.675,20.333,0.566,8.667,0.73,39.944
2015-11-23,30.898630136986306,1,0,25.333,3.333,0.69,16.333,0.583,5.333,0.896,36.039
2015-11-25,30.904109589041095,0,0,20.333,1.667,0.5,14.0,0.575,5.333,0.696,34.428
2015-11-27,30.90958904109589,0,1,19.333,3.0,0.233,15.0,0.469,6.333,0.706,36.022
2015-11-28,30.912328767123288,1,1,21.333,4.0,0.2,16.667,0.425,8.667,0.632,37.65
2015-12-01,30.92054794520548,1,0,25.0,5.333,0.256,19.333,0.41,9.0,0.843,37.9
2015-12-04,30.92876712328767,0,1,25.0,4.667,0.189,20.667,0.418,7.667,0.87,37.106
2015-12-08,30.93972602739726,1,1,29.0,4.667,0.122,23.667,0.434,8.333,0.914,39.294
2015-12-11,30.947945205479453,0,1,31.333,3.667,0.178,24.333,0.477,7.667,0.97,40.833
2015-12-15,30.95890410958904,0,0,31.667,3.0,0.178,22.667,0.566,7.667,0.845,38.178
2015-12-17,30.964383561643835,1,1,27.333,2.333,0.111,19.667,0.583,5.333,0.875,35.15
2015-12-20,30.972602739726028,1,0,27.333,3.0,0.133,20.667,0.537,6.667,0.833,34.911
2015-12-23,30.980821917808218,1,0,26.667,3.667,0.133,21.333,0.511,5.333,0.875,33.544
2015-12-25,30.986301369863018,0,1,26.667,3.667,0.133,22.0,0.48,6.333,0.827,34.217
2015-12-26,30.98904109589041,0,0,24.0,3.667,0.067,21.667,0.461,6.667,0.684,33.861
2015-12-28,30.994520547945207,0,0,20.333,3.667,0.067,20.333,0.367,7.0,0.7,34.239
2015-12-29,30.997260273972604,0,1,17.0,4.333,0.133,16.333,0.364,7.667,0.6,33.461
2016-01-02,31.008219178082193,1,1,20.0,3.667,0.178,15.667,0.417,7.333,0.744,32.072
2016-01-04,31.013698630136982,1,0,25.667,5.0,0.368,17.333,0.518,7.0,0.727,32.994
2016-01-06,31.019178082191782,0,1,27.667,4.0,0.468,17.667,0.596,6.667,0.75,31.428
2016-01-08,31.024657534246575,0,0,27.667,6.0,0.505,17.0,0.597,6.667,0.708,33.2
2016-01-10,31.03013698630137,0,1,22.333,5.0,0.315,15.0,0.533,6.667,0.708,34.206
2016-01-12,31.035616438356165,0,1,28.0,6.0,0.348,18.667,0.548,6.0,0.722,36.311
2016-01-14,31.04109589041096,0,0,25.667,5.0,0.367,17.0,0.543,6.0,0.722,36.983
2016-01-15,31.04383561643836,0,0,28.667,4.667,0.478,18.667,0.58,6.0,0.722,38.683
2016-01-18,31.052054794520547,1,0,22.667,3.667,0.444,16.0,0.519,6.0,0.722,38.478
2016-01-20,31.057534246575344,0,0,19.0,2.667,0.278,15.667,0.489,4.0,0.806,35.533
2016-01-21,31.06027397260274,1,0,17.333,2.0,0.5,14.0,0.507,4.0,0.722,32.772
2016-01-23,31.065753424657533,1,1,18.333,2.667,0.417,15.0,0.517,3.667,0.7,32.372
2016-01-25,31.07123287671233,1,1,21.667,3.333,0.417,18.667,0.506,5.333,0.557,34.656
2016-01-27,31.076712328767123,1,0,24.333,3.333,0.417,19.667,0.556,5.0,0.613,37.644
2016-01-29,31.08219178082192,0,0,24.0,2.333,0.333,16.667,0.672,5.667,0.746,36.256
2016-01-30,31.084931506849315,1,1,22.0,1.333,0.333,13.0,0.682,5.667,0.841,34.944
2016-02-01,31.09041095890411,0,0,23.333,1.667,0.0,13.667,0.634,8.333,0.892,33.656
2016-02-03,31.095890410958905,0,0,24.333,3.0,0.0,18.333,0.478,9.333,0.758,37.844
2016-02-05,31.101369863013694,1,1,25.333,3.333,0.0,20.0,0.491,8.667,0.673,38.956
2016-02-06,31.104109589041094,1,1,25.667,4.333,0.0,22.0,0.425,10.667,0.635,40.267
2016-02-08,31.10958904109589,1,0,26.667,4.333,0.133,21.333,0.472,8.333,0.769,37.972
2016-02-10,31.115068493150684,1,1,26.0,4.0,0.3,19.667,0.48,8.333,0.835,35.228
2016-02-18,31.136986301369863,1,1,25.667,4.333,0.467,19.333,0.532,4.333,0.733,34.756
2016-02-21,31.145205479452056,0,1,25.0,3.333,0.333,19.0,0.541,4.333,0.733,34.061
2016-02-22,31.147945205479452,1,0,26.333,4.333,0.3,21.0,0.541,3.0,0.8,36.261
2016-02-24,31.153424657534245,1,0,20.667,3.667,0.133,19.667,0.452,2.0,1.0,36.539
2016-02-26,31.15890410958904,0,1,20.0,4.333,0.3,17.667,0.464,3.667,0.875,35.106
2016-02-29,31.167123287671235,1,1,20.0,4.0,0.333,16.333,0.464,6.333,0.727,36.1
2016-03-04,31.17808219178082,1,0,27.0,4.0,0.5,17.667,0.584,7.333,0.594,35.872
2016-03-05,31.18082191780822,1,1,25.667,4.0,0.417,19.333,0.508,6.0,0.719,35.894
2016-03-07,31.186301369863013,1,1,26.667,4.0,0.333,20.0,0.525,6.0,0.719,34.4
2016-03-09,31.19178082191781,0,1,25.0,4.0,0.333,19.0,0.506,6.0,0.785,34.672
2016-03-10,31.194520547945206,0,0,27.0,4.333,0.317,19.333,0.517,7.667,0.748,36.728
2016-03-13,31.202739726027396,0,1,25.667,4.333,0.317,18.667,0.5,7.333,0.771,36.339
2016-03-14,31.205479452054796,0,0,25.333,4.333,0.4,17.333,0.507,8.0,0.79,34.033
2016-03-18,31.216438356164385,0,0,24.667,4.667,0.444,17.667,0.533,5.667,0.661,34.144
2016-03-19,31.21917808219178,0,1,22.667,4.333,0.361,16.667,0.5,5.0,0.786,34.444
2016-03-21,31.224657534246575,1,1,22.333,4.0,0.111,18.333,0.517,2.667,0.5,33.083
2016-03-23,31.23013698630137,1,1,25.667,2.667,0.167,18.0,0.561,5.667,0.576,31.933
2016-03-24,31.232876712328768,0,1,28.333,3.0,0.25,20.333,0.564,7.0,0.476,32.328
2016-03-26,31.23835616438356,0,1,29.667,2.667,0.417,19.0,0.618,8.333,0.726,35.139
2016-03-31,31.252054794520543,1,0,27.667,3.0,0.472,19.667,0.566,6.667,0.761,35.917
2016-04-01,31.254794520547943,0,1,27.0,1.667,0.389,16.0,0.672,6.667,0.794,33.833
2016-04-03,31.26027397260274,1,1,26.667,2.667,0.289,19.333,0.555,7.0,0.811,36.95
2016-04-05,31.265753424657536,0,0,28.0,1.667,0.067,19.667,0.608,6.0,0.867,38.639
2016-04-09,31.27671232876712,0,1,25.667,2.333,0.233,19.0,0.625,3.333,0.933,37.772
2016-04-11,31.28219178082192,1,1,27.0,2.333,0.433,16.0,0.726,3.0,0.917,35.817
2016-10-25,31.82191780821918,1,0,28.0,3.667,0.683,14.0,0.785,3.667,0.917,33.011
2016-10-28,31.83013698630137,0,0,28.667,4.0,0.517,15.667,0.74,3.667,0.75,34.45
2016-10-29,31.832876712328765,1,0,24.667,4.333,0.361,15.333,0.631,4.667,0.738,34.489
2016-11-01,31.84109589041096,1,0,21.0,5.0,0.222,15.333,0.506,6.667,0.617,36.683
2016-11-03,31.846575342465755,1,1,21.0,5.0,0.333,14.667,0.459,9.333,0.65,37.839
2016-11-05,31.852054794520548,0,1,24.0,4.333,0.305,16.667,0.494,8.667,0.745,37.072
2016-11-08,31.86027397260274,1,0,24.667,4.0,0.261,19.0,0.479,7.333,0.819,36.028
2016-11-11,31.86849315068493,0,1,26.0,4.667,0.283,20.667,0.469,5.667,0.952,36.367
